Country Name,Country Code,Series Name,Series Code,2009 [YR2009],2010 [YR2010],2011 [YR2011],2012 [YR2012],2013 [YR2013],2014 [YR2014],2015 [YR2015],2016 [YR2016],2017 [YR2017],2018 [YR2018]
Nepal,NPL,Current health expenditure (% of GDP),SH.XPD.CHEX.GD.ZS,4.4505966,4.97475029,5.07842356,5.16786408,5.32473752,5.76784756,6.21927182,6.29441655,..,..
Nepal,NPL,Domestic general government health expenditure (% of GDP),SH.XPD.GHED.GD.ZS,0.90855554,0.90184729,0.90866262,0.90575535,0.87030689,0.99282183,1.03455593,1.16947516,..,..
Nepal,NPL,Expense (% of GDP),GC.XPN.TOTL.GD.ZS,..,15.6352008846605,15.8983412024106,15.9327564713647,14.5942415712936,15.4358671923211,15.9172925260661,16.4688161258999,19.6111000853768,..
Nepal,NPL,Final consumption expenditure (% of GDP),NE.CON.TOTL.ZS,90.5663343290106,88.5485990137277,86.0329057232358,89.0132453199803,89.4465548542163,88.0772391873392,90.7939164199192,95.9326590672853,88.0517239669203,84.9915247122558
Nepal,NPL,GDP (constant 2010 US$),NY.GDP.MKTP.KD,15267319043.3731,16002656434.4746,16550239851.6396,17341538638.0319,18057549555.5864,19139013428.6013,19774984746.8631,19891395830.2133,21463958187.2336,22813990110.2118
Nepal,NPL,GDP growth (annual %),NY.GDP.MKTP.KD.ZG,4.53307872039284,4.81641465022444,3.42182824087472,4.78119225754814,4.12887767631092,5.98898466088025,3.32290543937557,0.588678498822517,7.90574161030806,6.28976217341481
Nepal,NPL,GDP per capita (constant 2010 US$),NY.GDP.PCAP.KD,567.905933627147,592.401097450929,612.032557723897,642.520463351456,670.83782652285,711.304347014643,731.9993357351,729.661430049008,776.916127325943,812.236360321215
Nepal,NPL,"Government expenditure per student, primary (% of GDP per capita)",SE.XPD.PRIM.PC.ZS,16.25969,11.03829,11.42989,11.65632,11.50048,13.57499,13.01014,..,..,..
Nepal,NPL,Military expenditure (% of GDP),MS.MIL.XPND.GD.ZS,1.64544781193841,1.56366587467534,1.54065162137654,1.4318323979559,1.54186010553153,1.62934106186361,1.56373577538744,1.70428031696917,1.60549971745676,1.44280062147258
Nepal,NPL,Adjusted savings: education expenditure (% of GNI),NY.ADJ.AEDU.GN.ZS,4.2,3.14170937192161,3.2911867603592,3.22805997957454,3.03149408868359,3.42981618686975,3.24498073832921,3.24498073832921,3.24498073832921,..
Nepal,NPL,Adjusted savings: education expenditure (current US$),NY.ADJ.AEDU.CD,546328063.092,506599793.207483,625918705.643608,613435266.567227,588712122.31789,697502754.298513,705946327.061465,697854403.158491,816829414.466285,..
Nepal,NPL,"Current education expenditure, primary (% of total expenditure in primary public institutions)",SE.XPD.CPRM.ZS,..,88.0553,86.25406,87.77895,89.56935,88.92631,90.60737,..,..,..
Nepal,NPL,"Current education expenditure, secondary (% of total expenditure in secondary public institutions)",SE.XPD.CSEC.ZS,..,87.72465,86.86797,86.13465,87.64366,87.20754,89.92542,..,..,..
Nepal,NPL,"Current education expenditure, tertiary (% of total expenditure in tertiary public institutions)",SE.XPD.CTER.ZS,..,82.36962,82.37564,82.43346,82.42895,82.35837,82.38888,..,..,..
Nepal,NPL,"Current education expenditure, total (% of total expenditure in public institutions)",SE.XPD.CTOT.ZS,..,87.1687,86.12255,86.51662,87.91923,87.32729,89.02563,..,..,..
Nepal,NPL,Current health expenditure per capita (current US$),SH.XPD.CHEX.PC.CD,21.20324868,29.97179738,34.31938102,33.50667902,34.68077456,41.00963263,45.14484343,45.45297766,..,..
Nepal,NPL,"Current health expenditure per capita, PPP (current international $)",SH.XPD.CHEX.PP.CD,82.48461377,96.79902349,103.14722435,110.70073871,119.24234705,137.69530808,153.26708331,155.96958828,..,..
Nepal,NPL,Discrepancy in expenditure estimate of GDP (constant LCU),NY.GDP.DISC.KN,-1097800,-582200,311000,-357600,157539800,-100,0,..,..,..
Nepal,NPL,Discrepancy in expenditure estimate of GDP (current LCU),NY.GDP.DISC.CN,276399.99994,333600.0001,753899.9999,1538399.99994,-1104200.00006,-500000,0.00023,-0.00012,0.00023,-0.00053
Nepal,NPL,Domestic general government health expenditure (% of current health expenditure),SH.XPD.GHED.CH.ZS,20.41424154,18.12849366,17.89261189,17.52668677,16.34459694,17.21303868,16.63467946,18.57956407,..,..
Nepal,NPL,Domestic general government health expenditure (% of general government expenditure),SH.XPD.GHED.GE.ZS,4.68478527,4.80281105,4.87174459,4.69186131,4.88382788,5.2682367,5.14595253,5.31455941,..,..
Nepal,NPL,Domestic general government health expenditure per capita (current US$),SH.XPD.GHED.PC.CD,4.3284824,5.43343539,6.14063365,5.87261068,5.66843282,7.05900392,7.5097,8.44496511,..,..
Nepal,NPL,"Domestic general government health expenditure per capita, PPP (current international $)",SH.XPD.GHED.PP.CD,16.83860829,17.54820483,18.45573253,19.40217172,19.489681,23.70154663,25.49548802,28.97846958,..,..
Nepal,NPL,Domestic private health expenditure (% of current health expenditure),SH.XPD.PVTD.CH.ZS,63.8300291,68.01686784,71.37844734,69.00079718,71.74946777,69.06519229,68.99210287,69.71258731,..,..
Nepal,NPL,Domestic private health expenditure per capita (current US$),SH.XPD.PVTD.PC.CD,13.5340398,20.38587782,24.49664131,23.11987563,24.88327116,28.32338163,31.14637682,31.68644673,..,..
Nepal,NPL,"Domestic private health expenditure per capita, PPP (current international $)",SH.XPD.PVTD.PP.CD,52.64995298,65.83966388,73.62488721,76.38439219,85.55574936,95.0995293,105.74218379,108.73043541,..,..
Nepal,NPL,Expenditure on primary education (% of government expenditure on education),SE.XPD.PRIM.ZS,62.97432,55.70124,54.50737,54.24189,54.78521,53.47322,53.77015,..,..,..
Nepal,NPL,Expenditure on secondary education (% of government expenditure on education),SE.XPD.SECO.ZS,23.50926,30.50377,31.80731,32.1708,32.12449,33.05305,33.31876,..,..,..
Nepal,NPL,Expenditure on tertiary education (% of government expenditure on education),SE.XPD.TERT.ZS,11.98227,12.74599,11.76926,11.94124,11.34148,11.41365,10.79779,..,..,..
Nepal,NPL,External health expenditure (% of current health expenditure),SH.XPD.EHEX.CH.ZS,15.75572936,13.8546385,10.72894077,13.47251605,11.9059353,13.72176904,14.37321767,11.70784862,..,..
Nepal,NPL,External health expenditure per capita (current US$),SH.XPD.EHEX.PC.CD,3.34072648,4.15248418,3.68210606,4.51419271,4.12907058,5.62724707,6.48876661,5.32156582,..,..
Nepal,NPL,"External health expenditure per capita, PPP (current international $)",SH.XPD.EHEX.PP.CD,12.99605251,13.41115478,11.06660461,14.9141748,14.19691668,18.89423215,22.02941151,18.26068329,..,..
Nepal,NPL,Final consumption expenditure (annual % growth),NE.CON.TOTL.KD.ZG,6.09949440111475,5.69246693174108,1.89280804306169,15.8944553611648,1.57030783727434,4.8244244000274,3.37563520936396,-0.704872217351863,3.5244620395068,3.35564719952521
Nepal,NPL,Final consumption expenditure (constant 2010 US$),NE.CON.TOTL.KD,13406942319.6062,14170128077.7074,14438341401.6744,16733237130.6561,16996000464.7485,17815959658.1986,18417361465.3068,18287542601.1686,18932080098.1055,19567373913.7294
Nepal,NPL,Final consumption expenditure (constant LCU),NE.CON.TOTL.KN,522910097800,552676582200,563137689000,652645357600,662893898800,694874713800,718331149300,713267832600,738406686600,763185009900
Nepal,NPL,Final consumption expenditure (current LCU),NE.CON.TOTL.CN,895041723600,1056184666400,1176030246100,1359538461600,1516128943900,1730312221900,1934046224200,2161519276200,2326850762000,2555904411000
Nepal,NPL,Final consumption expenditure (current US$),NE.CON.TOTL.CD,11642289113.3412,14170128077.7074,16271897607.2901,16780344306.3847,17237395872.6997,17618062707.9676,19439740999.2833,20324218713.535,21907503937.8604,24488176166.2499
Nepal,NPL,General government final consumption expenditure (% of GDP),NE.CON.GOVT.ZS,10.7791174899218,9.99258870498518,9.57727911839023,10.7618192103416,9.93544822422981,10.2779765291964,10.9162370799946,11.5261831178648,11.3468799658453,11.6806014854302
Nepal,NPL,General government final consumption expenditure (annual % growth),NE.CON.GOVT.KD.ZG,9.70636526786055,1.31913264418225,13.108897286156,15.9311790074713,-6.74237533238149,9.95480477854464,7.41696496471313,-0.419532166507224,10.4461648432142,9.41117910988665
Nepal,NPL,General government final consumption expenditure (constant 2010 US$),NE.CON.GOVT.KD,1578260292.63853,1599079639.3689,1808701346.8176,2096848796.08965,1955471380.10477,2150134738.49451,2309609478.74277,2299919924.05875,2540173350.58785,2779233614.31328
Nepal,NPL,General government final consumption expenditure (constant LCU),NE.CON.GOVT.KN,57462000000,58220000000,65852000000,76343000000,71195668400,78283058200,84089285200,83736503600,92483756800,101187568800
Nepal,NPL,General government final consumption expenditure (current LCU),NE.CON.GOVT.CN,106527000000,119189000000,130917000000,164370000000,168406940300,201914916600,232532177700,259703705000,299852122200,351264446200
Nepal,NPL,General government final consumption expenditure (current US$),NE.CON.GOVT.CD,1385653986.48517,1599079639.3689,1811405808.75201,2028765843.36896,1914676920.68061,2055900442.30667,2337258154.39449,2441928211.90783,2823134020.94857,3365472355.87748
Nepal,NPL,"Government expenditure on education, total (% of GDP)",SE.XPD.TOTL.GD.ZS,4.66376,3.63172,3.84262,3.76117,3.47465,3.99302,3.70359,4.44099,5.08265,5.16365
Nepal,NPL,"Government expenditure on education, total (% of government expenditure)",SE.XPD.TOTL.GB.ZS,19.87293,16.03235,17.98384,17.43708,17.56964,18.28129,16.98966,19.1285,15.74647,14.17227
Nepal,NPL,"Government expenditure per student, secondary (% of GDP per capita)",SE.XPD.SECO.PC.ZS,12.1906,10.99529,11.58752,10.89138,9.91984,11.67385,11.00348,..,..,..
Nepal,NPL,"Government expenditure per student, tertiary (% of GDP per capita)",SE.XPD.TERT.PC.ZS,51.14868,32.84544,31.7059,..,22.83946,27.81007,25.43455,..,..,..
Nepal,NPL,Gross national expenditure (% of GDP),NE.DAB.TOTL.ZS,122.240711423576,126.81980546189,124.020138651337,123.510319980306,126.76791502828,129.245045852682,129.851387322372,129.814645531538,133.789771791556,136.747521607872
Nepal,NPL,Gross national expenditure (constant 2010 US$),NE.DAB.TOTL.KD,17962499504.2503,20294537758.9353,20578867950.4844,21544729371.7459,22937458262.7393,25113675949.5579,26401555137.8362,27126215780.861,31297910832.446,34385803922.435
Nepal,NPL,Gross national expenditure (constant LCU),NE.DAB.TOTL.KN,702115097800,793596582200,804691689000,841918246100,896616998200,981949860700,1032410716100,1060960631300,1224849641200,1346107502600
Nepal,NPL,Gross national expenditure (current LCU),NE.DAB.TOTL.CN,1208070723600,1512673666400,1695298246100,1886427461600,2148730104200,2539070076700,2766028774400,2924935693200,3535522286400,4112334669300
Nepal,NPL,Gross national expenditure (current US$),NE.DAB.TOTL.CD,15714025684.6843,20294537758.9353,23456641158.5404,23283565127.9874,24429657898.6264,25852846246.5025,27802273957.0989,27502430076.0024,33287252313.9932,39400368575.2062
Nepal,NPL,Gross national expenditure deflator (base year varies by country),NE.DAB.DEFL.ZS,172.061635960451,190.609901847937,210.676743562092,224.06302159841,239.648602303288,258.574309984624,267.91941726921,275.68748612435,288.649493576714,305.498235568634
Nepal,NPL,Households and NPISHs final consumption expenditure (% of GDP),NE.CON.PRVT.ZS,79.7872168390888,78.5560103087425,76.4556266048455,78.2514261096387,79.5111066299865,77.7992626581428,79.8776793399246,84.4064759494204,76.704844001075,73.3109232268256
Nepal,NPL,Households and NPISHs Final consumption expenditure (annual % growth),NE.CON.PRVT.KD.ZG,5.67058815564138,6.23237790359705,0.57216485771356,15.8895923103872,2.6714922465554,4.20711503280509,2.86254417160814,-0.742703275616208,2.60377840544297,2.48861132782159
Nepal,NPL,Households and NPISHs Final consumption expenditure (constant 2010 US$),NE.CON.PRVT.KD,11833537652.472,12571048438.3385,12642975559.7488,14651892832.0948,15043317013.0778,15676206664.5676,16124945004.7734,16005184510.0316,16421924048.0551,16830601910.1613
Nepal,NPL,Households and NPISHs Final consumption expenditure (constant LCU),NE.CON.PRVT.KN,465448097800,494456582200,497285689000,576302357600,591698230400,616591655600,634241864100,629531329000,645922929800,661997441000
Nepal,NPL,Households and NPISHs Final consumption expenditure (current LCU),NE.CON.PRVT.CN,788514723600,936995666400,1045113246100,1195168461600,1347722003600,1528397305300,1701514046500,1901815571200,2026998639800,2204639964800
Nepal,NPL,Households and NPISHs Final consumption expenditure (current US$),NE.CON.PRVT.CD,10256635126.856,12571048438.3385,14460491798.5381,14751578463.0158,15322718952.0191,15562162265.661,17102482844.8888,17882290501.6271,19084369916.9118,21122703810.3724
Nepal,NPL,Households and NPISHs Final consumption expenditure per capita (constant 2010 US$),NE.CON.PRVT.PC.KD,440.177887784178,465.366667182656,467.540817440613,542.866533815357,558.859110849033,582.608606593246,596.887895659768,587.106401052533,594.413086503508,599.212446901415
Nepal,NPL,Households and NPISHs Final consumption expenditure per capita growth (annual %),NE.CON.PRVT.PC.KD.ZG,4.81779163406564,5.72240907540274,0.46719080056161,16.1110460445118,2.9459500701355,4.24963918153392,2.45092312487785,-1.63874903115992,1.24452491709783,0.80741163121732
Nepal,NPL,"Households and NPISHs Final consumption expenditure, PPP (constant 2011 international $)",NE.CON.PRVT.PP.KD,37974769315.405,40341500447.1602,40572320335.7933,47019096628.0151,48275208148.8329,50306201687.9804,51746238932.3572,51361917920.7983,52699268448.2414,54010748412.5235
Nepal,NPL,"Households and NPISHs Final consumption expenditure, PPP (current international $)",NE.CON.PRVT.PP.CD,34863355859.6564,38515571376.588,40572320335.7933,43264951747.3245,45397973728.3943,48280911080.3541,49887682768.1941,51901577496.383,54518774848.5622,..
Nepal,NPL,Increase in poverty gap at $1.90 ($ 2011 PPP) poverty line due to out-of-pocket health care expenditure (% of poverty line),SH.UHC.NOP1.ZG,..,0.52618,..,..,..,..,..,..,..,..
Nepal,NPL,Increase in poverty gap at $1.90 ($ 2011 PPP) poverty line due to out-of-pocket health care expenditure (USD),SH.UHC.NOP1.CG,..,0.0099974,..,..,..,..,..,..,..,..
Nepal,NPL,Increase in poverty gap at $3.10 ($ 2011 PPP) poverty line due to out-of-pocket health care expenditure (% of poverty line),SH.UHC.NOP2.ZG,..,1.97062,..,..,..,..,..,..,..,..
Nepal,NPL,Increase in poverty gap at $3.10 ($ 2011 PPP) poverty line due to out-of-pocket health care expenditure (USD),SH.UHC.NOP2.CG,..,0.0610891,..,..,..,..,..,..,..,..
Nepal,NPL,"International tourism, expenditures (% of total imports)",ST.INT.XPND.MP.ZS,11.2133692495575,8.98134940266035,6.51441990223937,8.20745619662683,7.94412809813734,7.74698382089613,8.67528448007122,6.33045342291167,7.65232564179592,..
Nepal,NPL,"International tourism, expenditures (current US$)",ST.INT.XPND.CD,572000000,528000000,420000000,562000000,598000000,680000000,669000000,634000000,889000000,..
Nepal,NPL,"International tourism, expenditures for passenger transport items (current US$)",ST.INT.TRNX.CD,138000000,126000000,100000000,149000000,176000000,176000000,142000000,47000000,103000000,..
Nepal,NPL,"International tourism, expenditures for travel items (current US$)",ST.INT.TVLX.CD,434000000,402000000,320000000,413000000,422000000,504000000,527000000,587000000,786000000,..
Nepal,NPL,Military expenditure (% of general government expenditure),MS.MIL.XPND.ZS,8.4952825753064,8.33124877159755,8.26332785322195,7.41696653564003,8.65232706734557,8.64581363815615,7.74278402152009,7.74928267977491,5.82208817560321,4.49742788683741
Nepal,NPL,Military expenditure (current LCU),MS.MIL.XPND.CN,16261500000,18651000000,21060000000,21869000000,26134700000,32009050000,33158550000,38324000000,42342650000,43302450000
Nepal,NPL,Military expenditure (current USD),MS.MIL.XPND.CD,209703501.957568,254950072.106677,284518851.062623,256686839.473598,281038425.693598,328115662.238927,323797729.640271,356495278.640587,404705219.538885,398521544.897916
Nepal,NPL,Number of people pushed below the $1.90 ($ 2011 PPP) poverty line by out-of-pocket health care expenditure,SH.UHC.NOP1.TO,..,501000,..,..,..,..,..,..,..,..
Nepal,NPL,Number of people pushed below the $3.10 ($ 2011 PPP) poverty line by out-of-pocket health care expenditure,SH.UHC.NOP2.TO,..,1521000,..,..,..,..,..,..,..,..
Nepal,NPL,Number of people spending more than 10% of household consumption or income on out-of-pocket health care expenditure,SH.UHC.OOPC.10.TO,..,7407000,..,..,..,..,..,..,..,..
Nepal,NPL,Number of people spending more than 25% of household consumption or income on out-of-pocket health care expenditure,SH.UHC.OOPC.25.TO,..,895000,..,..,..,..,..,..,..,..
Nepal,NPL,Out-of-pocket expenditure (% of current health expenditure),SH.XPD.OOPC.CH.ZS,57.62322663,56.20389174,58.37967007,56.09958726,63.53343856,60.04753635,59.43524324,55.44006757,..,..
Nepal,NPL,Out-of-pocket expenditure per capita (current US$),SH.XPD.OOPC.PC.CD,12.21799604,16.84531655,20.03554141,18.79710863,22.0338886,24.62527406,26.8319475,25.19916152,..,..
Nepal,NPL,"Out-of-pocket expenditure per capita, PPP (current international $)",SH.XPD.OOPC.PP.CD,47.53029593,54.40481837,60.21700927,62.10265751,75.7587633,82.68264018,91.09466378,86.46964512,..,..
Nepal,NPL,Primary government expenditures as a proportion of original approved budget (%),GF.XPD.BUDG.ZS,..,..,95.947272472304,101.919134644742,94.0488440694244,..,..,..,..,..
Nepal,NPL,Proportion of population pushed below the $1.90 ($ 2011 PPP) poverty line by out-of-pocket health care expenditure (%),SH.UHC.NOP1.ZS,..,1.854657,..,..,..,..,..,..,..,..
Nepal,NPL,Proportion of population pushed below the $3.10 ($ 2011 PPP) poverty line by out-of-pocket health care expenditure (%),SH.UHC.NOP2.ZS,..,5.628803,..,..,..,..,..,..,..,..
Nepal,NPL,Proportion of population spending more than 10% of household consumption or income on out-of-pocket health care expenditure (%),SH.UHC.OOPC.10.ZS,..,27.41056,..,..,..,..,..,..,..,..
Nepal,NPL,Proportion of population spending more than 25% of household consumption or income on out-of-pocket health care expenditure (%),SH.UHC.OOPC.25.ZS,..,3.310468,..,..,..,..,..,..,..,..
Nepal,NPL,Research and development expenditure (% of GDP),GB.XPD.RSDV.GD.ZS,0.25924,0.3022,..,..,..,..,..,..,..,..
Nepal,NPL,Risk of catastrophic expenditure for surgical care (% of people at risk),SH.SGR.CRSK.ZS,77.7,74.3,75.4,65.3,71.3,68.8,71.2,70.3,72.7,..
Nepal,NPL,Risk of impoverishing expenditure for surgical care (% of people at risk),SH.SGR.IRSK.ZS,79.6,78.5,79.4,72.9,72.5,70.2,70.3,71.8,72.7,..
Pakistan,PAK,Current health expenditure (% of GDP),SH.XPD.CHEX.GD.ZS,2.6133125,2.59675862,2.34442636,2.3593994,2.60280207,2.72200845,2.68711914,2.75283024,..,..
Pakistan,PAK,Domestic general government health expenditure (% of GDP),SH.XPD.GHED.GD.ZS,0.56858459,0.57170931,0.61155509,0.67824308,0.70266868,0.69841218,0.74002049,0.76798214,..,..
Pakistan,PAK,Expense (% of GDP),GC.XPN.TOTL.GD.ZS,..,..,..,..,..,..,..,..,..,..
Pakistan,PAK,Final consumption expenditure (% of GDP),NE.CON.TOTL.ZS,89.7308629653674,90.0318329271091,90.8859383993819,92.93621829247,91.8219607476516,91.7808056441297,90.7388187787773,91.3286530683614,93.2228849252298,94.4856526207862
Pakistan,PAK,GDP (constant 2010 US$),NY.GDP.MKTP.KD,174601545521.839,177406854514.885,182282709027.43,188675424552.08,196970457770.58,206178251481.055,215932848620.679,227866886765.975,240856714914.19,253935260513.493
Pakistan,PAK,GDP growth (annual %),NY.GDP.MKTP.KD.ZG,2.83165851919991,1.60669195949077,2.74840254954,3.50703342009689,4.39645663349772,4.67470798143725,4.73114747532901,5.52673584474448,5.7006212410121,5.43001078627286
Pakistan,PAK,GDP per capita (constant 2010 US$),NY.GDP.PCAP.KD,994.735449240564,988.754128341182,994.229957692241,1007.44307226372,1029.84132418569,1055.66332093646,1082.76656420783,1119.0390712375,1158.54042480595,1196.59413620936
Pakistan,PAK,"Government expenditure per student, primary (% of GDP per capita)",SE.XPD.PRIM.PC.ZS,..,..,..,..,7.98793,8.10213,7.69288,..,..,..
Pakistan,PAK,Military expenditure (% of GDP),MS.MIL.XPND.GD.ZS,3.26522399322955,3.42369097294437,3.28565081602325,3.48439877285312,3.47097250708344,3.47657944030318,3.55138724305165,3.59141083969538,3.76619210655443,4.025735628755
Pakistan,PAK,Adjusted savings: education expenditure (% of GNI),NY.ADJ.AEDU.GN.ZS,1.85,1.51,1.45,1.6190207217746,1.78804144354923,1.8643885650318,1.94586886432773,2.02734916362365,2.02734916362365,..
Pakistan,PAK,Adjusted savings: education expenditure (current US$),NY.ADJ.AEDU.CD,3200500000,2778400000,3233500000,3820888903.38806,4344940707.82464,4810122497.78204,5584643640.62058,6000953524.326,6528064306.86815,..
Pakistan,PAK,"Current education expenditure, primary (% of total expenditure in primary public institutions)",SE.XPD.CPRM.ZS,..,..,..,..,99.37422,..,..,..,..,..
Pakistan,PAK,"Current education expenditure, secondary (% of total expenditure in secondary public institutions)",SE.XPD.CSEC.ZS,..,..,..,..,99.57703,..,..,..,..,..
Pakistan,PAK,"Current education expenditure, tertiary (% of total expenditure in tertiary public institutions)",SE.XPD.CTER.ZS,..,..,..,..,71.52242,..,..,..,..,..
Pakistan,PAK,"Current education expenditure, total (% of total expenditure in public institutions)",SE.XPD.CTOT.ZS,..,..,..,..,75.43501,..,..,..,..,..
Pakistan,PAK,Current health expenditure per capita (current US$),SH.XPD.CHEX.PC.CD,25.27083952,26.5686252,28.48985369,28.46501237,31.55068096,36.52147697,37.88962344,39.57887533,..,..
Pakistan,PAK,"Current health expenditure per capita, PPP (current international $)",SH.XPD.CHEX.PP.CD,108.8838756,108.98481173,101.03923669,104.94378971,120.24280772,131.22212871,134.36358411,144.12382406,..,..
Pakistan,PAK,Discrepancy in expenditure estimate of GDP (constant LCU),NY.GDP.DISC.KN,0,0,0,0,0,..,..,..,..,..
Pakistan,PAK,Discrepancy in expenditure estimate of GDP (current LCU),NY.GDP.DISC.CN,-0.002,0.002,0,0,-200000,-0.0005,0.004,-0.0005,-0.004,0
Pakistan,PAK,Domestic general government health expenditure (% of current health expenditure),SH.XPD.GHED.CH.ZS,21.75723683,22.0162669,26.08548959,28.74642953,26.99662355,25.65797082,27.53954895,27.89791124,..,..
Pakistan,PAK,Domestic general government health expenditure (% of general government expenditure),SH.XPD.GHED.GE.ZS,2.94990567,2.81115771,3.16060865,3.13193138,3.22013645,3.47550143,3.74291304,3.85598312,..,..
Pakistan,PAK,Domestic general government health expenditure per capita (current US$),SH.XPD.GHED.PC.CD,5.4982364,5.84941944,7.43171782,8.18267472,8.51761857,9.37067052,10.43463139,11.04167951,..,..
Pakistan,PAK,"Domestic general government health expenditure per capita, PPP (current international $)",SH.XPD.GHED.PP.CD,23.69012268,23.99438703,26.35657957,30.16759256,32.46149815,33.66893773,37.00312501,40.20753652,..,..
Pakistan,PAK,Domestic private health expenditure (% of current health expenditure),SH.XPD.PVTD.CH.ZS,75.02400493,73.03994198,69.79558459,66.84024805,67.58123468,68.80645643,68.69910565,68.01781448,..,..
Pakistan,PAK,Domestic private health expenditure per capita (current US$),SH.XPD.PVTD.PC.CD,18.95919588,19.40570843,19.88465993,19.02608488,21.32233974,25.1291358,26.02983244,26.92068599,..,..
Pakistan,PAK,"Domestic private health expenditure per capita, PPP (current international $)",SH.XPD.PVTD.PP.CD,81.68904419,79.60244325,70.52092592,70.14468935,81.26157407,90.28930279,92.3065806,98.02987527,..,..
Pakistan,PAK,Expenditure on primary education (% of government expenditure on education),SE.XPD.PRIM.ZS,..,..,..,..,32.6824,35.13516,31.0512,..,..,..
Pakistan,PAK,Expenditure on secondary education (% of government expenditure on education),SE.XPD.SECO.ZS,..,..,..,..,25.13369,33.37814,37.38993,..,..,..
Pakistan,PAK,Expenditure on tertiary education (% of government expenditure on education),SE.XPD.TERT.ZS,..,..,..,..,32.23326,22.32371,22.78857,22.20075,22.11033,..
Pakistan,PAK,External health expenditure (% of current health expenditure),SH.XPD.EHEX.CH.ZS,3.21875824,4.94379112,4.11892582,4.41332242,5.42214177,5.53557275,3.7613454,4.08427428,..,..
Pakistan,PAK,External health expenditure per capita (current US$),SH.XPD.EHEX.PC.CD,0.81340723,1.31349733,1.17347594,1.25625277,1.71072265,2.02167306,1.42515961,1.61650982,..,..
Pakistan,PAK,"External health expenditure per capita, PPP (current international $)",SH.XPD.EHEX.PP.CD,3.50470872,5.38798144,4.16173121,4.6315078,6.5197355,7.26389687,5.0538785,5.88641227,..,..
Pakistan,PAK,Final consumption expenditure (annual % growth),NE.CON.TOTL.KD.ZG,0.94786870833083,1.86996827869652,4.04564456249435,5.29643748971822,3.0592781933551,5.08127502663331,3.5229026277504,7.69769342565989,8.29783584201445,7.23053750046543
Pakistan,PAK,Final consumption expenditure (constant 2010 US$),NE.CON.TOTL.KD,156790706384.742,159722642858.08,166184453273.941,174986308959.225,180339626950.571,189503179377.935,196179191863.91,211280464618.531,228812170738.822,245356520549.722
Pakistan,PAK,Final consumption expenditure (constant LCU),NE.CON.TOTL.KN,7805480000000,7951440000000,8273127000000,8711308000000,8977811146000,9433998421700,9766349000000,10518132604900,11390909982100,12214534000000
Pakistan,PAK,Final consumption expenditure (current LCU),NE.CON.TOTL.CN,11844211000000,13385029000000,16610714000000,18630459000000,20554949000000,23100132000000,24901474000000,26554383990000,29796467139400,32499749000000
Pakistan,PAK,Final consumption expenditure (current US$),NE.CON.TOTL.CD,150884936361.679,159722642858.08,194120924775.24,208533651666.717,212309421996.364,224276392374.646,245499433610.136,254491527358.354,284284882832.118,295333861606.392
Pakistan,PAK,General government final consumption expenditure (% of GDP),NE.CON.GOVT.ZS,10.5188622747459,10.3162266270873,9.73614664562683,10.4887536477689,11.0031169601421,10.762998084335,10.9725342930527,11.3081974861906,11.2600316432231,12.3738435993369
Pakistan,PAK,General government final consumption expenditure (annual % growth),NE.CON.GOVT.KD.ZG,12.6576584617032,-0.577049221886668,0.0208233731739682,7.34561514946157,10.0735107129322,1.50242178201445,8.13148681668949,8.22847482781582,5.2552037808528,14.1526289565204
Pakistan,PAK,General government final consumption expenditure (constant 2010 US$),NE.CON.GOVT.KD,18407915899.2044,18301693163.7425,18305504193.6071,19650156082.8381,21629616660.9507,21954584733.031,23739818896.2564,25693243918.3039,27043476244.1223,30870839093.8977
Pakistan,PAK,General government final consumption expenditure (constant LCU),NE.CON.GOVT.KN,946713000000,941250000000,941446000000,1010601000000,1112404000000,1129117000000,1220931000000,1321395000000,1390837000000,1587677000000
Pakistan,PAK,General government final consumption expenditure (current LCU),NE.CON.GOVT.CN,1388459000000,1533713000000,1779421000000,2102628000000,2463120000000,2708918000000,3011195000000,3287930000000,3599000000000,4256168000000
Pakistan,PAK,General government final consumption expenditure (current US$),NE.CON.GOVT.CD,17687758843.1851,18301693163.7425,20795183764.1947,23535045214.7575,25441249380.2677,26300557775.1132,29686863797.2867,31510816739.8069,34337671259.0161,38676930430.6183
Pakistan,PAK,"Government expenditure on education, total (% of GDP)",SE.XPD.TOTL.GD.ZS,2.59078,2.28687,2.22175,2.13628,2.49344,2.46593,2.65002,3.00292,2.89952,..
Pakistan,PAK,"Government expenditure on education, total (% of government expenditure)",SE.XPD.TOTL.GB.ZS,11.86443,11.86466,10.92461,11.04063,11.51398,11.30066,13.18728,15.06348,14.54478,..
Pakistan,PAK,"Government expenditure per student, secondary (% of GDP per capita)",SE.XPD.SECO.PC.ZS,..,..,..,..,10.3291,13.25144,15.22174,..,..,..
Pakistan,PAK,"Government expenditure per student, tertiary (% of GDP per capita)",SE.XPD.TERT.PC.ZS,..,..,..,..,74.65229,51.77888,59.87033,66.3429,63.79753,..
Pakistan,PAK,Gross national expenditure (% of GDP),NE.DAB.TOTL.ZS,107.280343419744,105.836390888919,105.006565830107,108.012176689198,106.779292712108,106.416077362433,106.445849877612,107.01477763184,109.317249123272,110.910150689499
Pakistan,PAK,Gross national expenditure (constant 2010 US$),NE.DAB.TOTL.KD,186789115438.735,187761012008.11,192344588471.053,201811154026.654,207909496793.341,217832885229.732,228630892799.305,246092239887.005,266946770078.526,285654632666.845
Pakistan,PAK,Gross national expenditure (constant LCU),NE.DAB.TOTL.KN,9432428000000,9472086262600,9691908228100,10166139419700,10473048594100,10970445177700,11526350000000,12406131000000,13459120000000,14400081000000
Pakistan,PAK,Gross national expenditure (current LCU),NE.DAB.TOTL.CN,14160691000000,15734692000000,19191462000000,21652661000000,23903246000000,26783655000000,29211958000000,31115224000000,34940646000000,38149200000000
Pakistan,PAK,Gross national expenditure (current US$),NE.DAB.TOTL.CD,180394874793.467,187761012008.11,224280807629.875,242361632992.054,246893550652.785,260039272416.589,287995768589.566,298201640935.799,333364939129.107,346671925164.548
Pakistan,PAK,Gross national expenditure deflator (base year varies by country),NE.DAB.DEFL.ZS,150.12774017464,166.116434793542,198.01530873309,212.988039078447,228.23579767849,244.143738619141,253.436326330538,250.805218806734,259.605724594179,264.923509805257
Pakistan,PAK,Households and NPISHs final consumption expenditure (% of GDP),NE.CON.PRVT.ZS,79.2120006906214,79.7156063000219,81.1497917537551,82.4474646447011,80.8188437875095,81.0178075597947,79.7662844857246,80.0204555821708,81.9628532820067,82.1118090214493
Pakistan,PAK,Households and NPISHs Final consumption expenditure (annual % growth),NE.CON.PRVT.KD.ZG,-0.479944119454828,2.20772917347973,4.58605258915949,5.03330682281458,2.1387665574083,5.58743199865373,2.89632766665994,7.62185775932787,8.7350037775568,6.26779443531996
Pakistan,PAK,Households and NPISHs Final consumption expenditure (constant 2010 US$),NE.CON.PRVT.KD,138366198758.12,141420949694.338,147906588819.409,155351181245.849,158673780356.874,167539569934.007,172392064850.609,185531542821.891,201737730095.942,214382236316.836
Pakistan,PAK,Households and NPISHs Final consumption expenditure (constant LCU),NE.CON.PRVT.KN,6858767000000,7010190000000,7331681000000,7700707000000,7865407146000,8304881421700,8545418000000,9196737604900,10000072982100,10626857000000
Pakistan,PAK,Households and NPISHs Final consumption expenditure (current LCU),NE.CON.PRVT.CN,10455752000000,11851316000000,14831293000000,16527831000000,18091829000000,20391214000000,21890279000000,23266453990000,26197467139400,28243581000000
Pakistan,PAK,Households and NPISHs Final consumption expenditure (current US$),NE.CON.PRVT.CD,133197177518.494,141420949694.338,173325741011.045,184998606451.96,186868172616.097,197975834599.533,215812569812.85,222980710618.547,249947211573.102,256656931175.774
Pakistan,PAK,Households and NPISHs Final consumption expenditure per capita (constant 2010 US$),NE.CON.PRVT.PC.KD,788.296360550556,788.19134822367,806.731271051034,829.506395364778,829.610784915782,857.827523098628,864.437092120647,911.133022929729,970.374920242558,1010.2123130338
Pakistan,PAK,Households and NPISHs Final consumption expenditure per capita growth (annual %),NE.CON.PRVT.PC.KD.ZG,-2.67792388882174,-0.0133214273389797,2.35221090273923,2.82313641865788,0.012584538418011,3.40120194865958,0.770500927522576,5.40188884011535,6.50200309087001,4.10536092392823
Pakistan,PAK,"Households and NPISHs Final consumption expenditure, PPP (constant 2011 international $)",NE.CON.PRVT.PP.KD,545939064265.963,557991920257.185,583581723163.441,612955181852.125,626064862293.479,661045810741.593,680191863447.398,732035119769.88,795978415134.822,845868705944.99
Pakistan,PAK,"Households and NPISHs Final consumption expenditure, PPP (current international $)",NE.CON.PRVT.PP.CD,500105960979.323,505925272756.034,583581723163.441,605197424945.176,624158879860.407,666949079362.676,699145659719.127,725170103505.795,801185519554.949,842096832777.995
Pakistan,PAK,Increase in poverty gap at $1.90 ($ 2011 PPP) poverty line due to out-of-pocket health care expenditure (% of poverty line),SH.UHC.NOP1.ZG,..,0.14913,..,..,..,..,..,..,..,..
Pakistan,PAK,Increase in poverty gap at $1.90 ($ 2011 PPP) poverty line due to out-of-pocket health care expenditure (USD),SH.UHC.NOP1.CG,..,0.0028336,..,..,..,..,..,..,..,..
Pakistan,PAK,Increase in poverty gap at $3.10 ($ 2011 PPP) poverty line due to out-of-pocket health care expenditure (% of poverty line),SH.UHC.NOP2.ZG,..,0.81733,..,..,..,..,..,..,..,..
Pakistan,PAK,Increase in poverty gap at $3.10 ($ 2011 PPP) poverty line due to out-of-pocket health care expenditure (USD),SH.UHC.NOP2.CG,..,0.0253372,..,..,..,..,..,..,..,..
Pakistan,PAK,"International tourism, expenditures (% of total imports)",ST.INT.XPND.MP.ZS,3.12362825637535,3.42363054778089,3.9384106381625,3.78512126293403,3.3315028372689,4.31943059384838,5.43375426761548,5.70646938696875,4.99705417222239,..
Pakistan,PAK,"International tourism, expenditures (current US$)",ST.INT.XPND.CD,1098000000,1370000000,1857000000,1851000000,1638000000,2209000000,2642000000,2962000000,3223000000,..
Pakistan,PAK,"International tourism, expenditures for passenger transport items (current US$)",ST.INT.TRNX.CD,413000000,445000000,727000000,437000000,555000000,844000000,984000000,1053000000,1204000000,..
Pakistan,PAK,"International tourism, expenditures for travel items (current US$)",ST.INT.TVLX.CD,685000000,925000000,1130000000,1414000000,1083000000,1365000000,1658000000,1909000000,2019000000,..
Pakistan,PAK,Military expenditure (% of general government expenditure),MS.MIL.XPND.ZS,16.9404920996777,16.8346827538763,16.9807372552568,16.0899470655714,15.9065179874672,17.3004498047551,17.9623762631708,18.0322000182876,17.7176304164976,18.5087910238879
Pakistan,PAK,Military expenditure (current LCU),MS.MIL.XPND.CN,431000000000,509000000000,600500000000,698500000000,777000000000,875013500000,974608000000,1045195000000,1204891000000,1385997500000
Pakistan,PAK,Military expenditure (current USD),MS.MIL.XPND.CD,5274564970.76961,5974613176.07619,6954787511.26317,7478971082.02563,7645455529.42566,8654930761.62216,9483482373.08916,9973768058.78466,11461253916.5641,11375525626.0917
Pakistan,PAK,Number of people pushed below the $1.90 ($ 2011 PPP) poverty line by out-of-pocket health care expenditure,SH.UHC.NOP1.TO,..,1704000,..,..,..,..,..,..,..,..
Pakistan,PAK,Number of people pushed below the $3.10 ($ 2011 PPP) poverty line by out-of-pocket health care expenditure,SH.UHC.NOP2.TO,..,4158000,..,..,..,..,..,..,..,..
Pakistan,PAK,Number of people spending more than 10% of household consumption or income on out-of-pocket health care expenditure,SH.UHC.OOPC.10.TO,..,1754000,..,..,..,..,..,..,..,..
Pakistan,PAK,Number of people spending more than 25% of household consumption or income on out-of-pocket health care expenditure,SH.UHC.OOPC.25.TO,..,36000,..,..,..,..,..,..,..,..
Pakistan,PAK,Out-of-pocket expenditure (% of current health expenditure),SH.XPD.OOPC.CH.ZS,72.33998959,70.39242605,67.14212081,64.19360772,65.16565156,66.52488626,66.17925891,65.22793598,..,..
Pakistan,PAK,Out-of-pocket expenditure per capita (current US$),SH.XPD.OOPC.PC.CD,18.28092267,18.70229984,19.12869198,18.27271838,20.56020682,24.29587101,25.075072,25.81648346,..,..
Pakistan,PAK,"Out-of-pocket expenditure per capita, PPP (current international $)",SH.XPD.OOPC.PP.CD,78.76658427,76.717053,67.83988636,67.3672047,78.35700911,87.29537187,88.92082421,94.00899569,..,..
Pakistan,PAK,Primary government expenditures as a proportion of original approved budget (%),GF.XPD.BUDG.ZS,92.4068839362596,108.601452034658,114.758864182692,..,..,..,..,..,..,..
Pakistan,PAK,Proportion of population pushed below the $1.90 ($ 2011 PPP) poverty line by out-of-pocket health care expenditure (%),SH.UHC.NOP1.ZS,..,0.9989646,..,..,..,..,..,..,..,..
Pakistan,PAK,Proportion of population pushed below the $3.10 ($ 2011 PPP) poverty line by out-of-pocket health care expenditure (%),SH.UHC.NOP2.ZS,..,2.43778,..,..,..,..,..,..,..,..
Pakistan,PAK,Proportion of population spending more than 10% of household consumption or income on out-of-pocket health care expenditure (%),SH.UHC.OOPC.10.ZS,..,1.028347,..,..,..,..,..,..,..,..
Pakistan,PAK,Proportion of population spending more than 25% of household consumption or income on out-of-pocket health care expenditure (%),SH.UHC.OOPC.25.ZS,..,0.0210151,..,..,..,..,..,..,..,..
Pakistan,PAK,Research and development expenditure (% of GDP),GB.XPD.RSDV.GD.ZS,0.44806,..,0.32917,..,0.29285,..,0.24605,..,0.23597,..
Pakistan,PAK,Risk of catastrophic expenditure for surgical care (% of people at risk),SH.SGR.CRSK.ZS,70.2,71.8,69.2,65.8,63.5,63.5,63.6,62,53.9,..
Pakistan,PAK,Risk of impoverishing expenditure for surgical care (% of people at risk),SH.SGR.IRSK.ZS,43,42.1,41.6,40.3,38.5,36.4,36.4,33.4,29.9,..
Bangladesh,BGD,Current health expenditure (% of GDP),SH.XPD.CHEX.GD.ZS,2.40338224,2.49591565,2.56593651,2.57301204,2.503348,2.49601074,2.46311455,2.36505997,..,..
Bangladesh,BGD,Domestic general government health expenditure (% of GDP),SH.XPD.GHED.GD.ZS,0.48925314,0.52484455,0.53686125,0.52669633,0.49392258,0.47510959,0.43426428,0.42468448,..,..
Bangladesh,BGD,Expense (% of GDP),GC.XPN.TOTL.GD.ZS,9.87158360325856,9.26625106718959,9.84388457755423,9.63853873257843,9.50711961152747,9.50443649145954,9.00588487034226,9.41891628073041,..,..
Bangladesh,BGD,Final consumption expenditure (% of GDP),NE.CON.TOTL.ZS,79.6675864216949,79.1899761491198,79.377916333271,78.7762373676001,77.9639056255853,77.9100576746867,77.8415298617768,75.0222507376373,74.6707485598856,77.165202097171
Bangladesh,BGD,GDP (constant 2010 US$),NY.GDP.MKTP.KD,109194950718.059,115279077465.226,122731159566.449,130734992458.51,138596885516.148,146997325017.061,156629549345.307,167771375851.352,179992151721.964,194146210562.862
Bangladesh,BGD,GDP growth (annual %),NY.GDP.MKTP.KD.ZG,5.04512479417738,5.57180227396866,6.46438388047517,6.52143507837333,6.01361036536019,6.06105935903958,6.55265279631962,7.1134894741232,7.28418409195113,7.86370889257542
Bangladesh,BGD,GDP per capita (constant 2010 US$),NY.GDP.PCAP.KD,748.296060456803,781.153593557047,822.188338841729,865.749891053711,907.257418044388,951.314821042494,1002.38885345832,1062.04015786301,1127.27176833347,1203.21626488899
Bangladesh,BGD,"Government expenditure per student, primary (% of GDP per capita)",SE.XPD.PRIM.PC.ZS,7.68671,..,..,..,..,..,..,..,..,..
Bangladesh,BGD,Military expenditure (% of GDP),MS.MIL.XPND.GD.ZS,1.15673093933701,1.32083739648164,1.355517777279,1.32441949149986,1.25819752209315,1.27941246310601,1.35096990580134,1.37967232355361,1.37505781019649,1.36491749632018
Bangladesh,BGD,Adjusted savings: education expenditure (% of GNI),NY.ADJ.AEDU.GN.ZS,1.59,1.77954151520932,1.96908303041871,1.98471567011345,1.79967432305119,1.61463297598892,1.42959162892664,1.24455028186433,1.24455028186433,..
Bangladesh,BGD,Adjusted savings: education expenditure (current US$),NY.ADJ.AEDU.CD,1764900000,2224426894.01164,2737025412.282,2877837721.6645,2915472403.34293,2970924675.81961,2973550588.16741,2912247659.56254,3235830732.84727,..
Bangladesh,BGD,"Current education expenditure, primary (% of total expenditure in primary public institutions)",SE.XPD.CPRM.ZS,78.44987,..,100,100,..,..,..,..,..,..
Bangladesh,BGD,"Current education expenditure, secondary (% of total expenditure in secondary public institutions)",SE.XPD.CSEC.ZS,90.13548,90.10918,98.2938,98.15917,..,..,..,72.82153,..,..
Bangladesh,BGD,"Current education expenditure, tertiary (% of total expenditure in tertiary public institutions)",SE.XPD.CTER.ZS,88.01216,87.12115,98.52892,98.21455,..,..,..,91.8673,..,..
Bangladesh,BGD,"Current education expenditure, total (% of total expenditure in public institutions)",SE.XPD.CTOT.ZS,80.98143,..,99.4854,99.46163,..,..,..,85.81731,..,..
Bangladesh,BGD,Current health expenditure per capita (current US$),SH.XPD.CHEX.PC.CD,17.38355544,20.17736083,22.15706873,22.74784885,25.85965612,28.834133,31.84148833,34.21796766,..,..
Bangladesh,BGD,"Current health expenditure per capita, PPP (current international $)",SH.XPD.CHEX.PP.CD,58.00287523,64.1650749,70.98592192,75.75353212,77.89919804,83.18020527,88.04646301,90.59840433,..,..
Bangladesh,BGD,Discrepancy in expenditure estimate of GDP (constant LCU),NY.GDP.DISC.KN,39359000000,16531190000,7322848800,36345305700,64116984400,36831584700,136148000000,135990000000,124115000000,144612000000
Bangladesh,BGD,Discrepancy in expenditure estimate of GDP (current LCU),NY.GDP.DISC.CN,23893964899.9998,25360532299.9998,71234100199.999,79052999999.9999,103962000000,6292000000,103746000000,-3457000000,9994000000,54653000000
Bangladesh,BGD,Domestic general government health expenditure (% of current health expenditure),SH.XPD.GHED.CH.ZS,20.35685904,21.02813669,20.92262427,20.47002967,19.73048009,19.03475759,17.63069774,17.95660527,..,..
Bangladesh,BGD,Domestic general government health expenditure (% of general government expenditure),SH.XPD.GHED.GE.ZS,4.11516041,4.43938969,4.14084072,3.9550321,3.58483442,3.6117441,3.37967949,3.37967949,..,..
Bangladesh,BGD,Domestic general government health expenditure per capita (current US$),SH.XPD.GHED.PC.CD,3.53874588,4.24292302,4.63584024,4.65649141,5.1022343,5.48850732,5.61387656,6.14438538,..,..
Bangladesh,BGD,"Domestic general government health expenditure per capita, PPP (current international $)",SH.XPD.GHED.PP.CD,11.80756355,13.49271966,14.85211773,15.5067705,15.36988576,15.83315043,15.52320576,16.26839784,..,..
Bangladesh,BGD,Domestic private health expenditure (% of current health expenditure),SH.XPD.PVTD.CH.ZS,70.05272716,69.78611288,70.25331511,70.16964521,70.93683,72.38651917,74.34297091,74.41802671,..,..
Bangladesh,BGD,Domestic private health expenditure per capita (current US$),SH.XPD.PVTD.PC.CD,12.17765466,14.08099581,15.56607531,15.96208483,18.3440203,20.87202521,23.67190841,25.4643363,..,..
Bangladesh,BGD,"Domestic private health expenditure per capita, PPP (current international $)",SH.XPD.PVTD.PP.CD,40.63259593,44.7783116,49.86996341,53.15598472,55.25922169,60.21125523,65.45635638,67.4215447,..,..
Bangladesh,BGD,Expenditure on primary education (% of government expenditure on education),SE.XPD.PRIM.ZS,44.72804,..,47.13705,44.60291,..,..,..,..,..,..
Bangladesh,BGD,Expenditure on secondary education (% of government expenditure on education),SE.XPD.SECO.ZS,40.2057,..,41.14495,39.09913,..,..,..,64.32827,..,..
Bangladesh,BGD,Expenditure on tertiary education (% of government expenditure on education),SE.XPD.TERT.ZS,13.50141,..,10.29338,14.73352,..,..,..,33.27739,..,..
Bangladesh,BGD,External health expenditure (% of current health expenditure),SH.XPD.EHEX.CH.ZS,9.5904138,9.18575043,8.82406061,9.36032512,9.33268991,8.57872324,8.02633135,7.62536802,..,..
Bangladesh,BGD,External health expenditure per capita (current US$),SH.XPD.EHEX.PC.CD,1.6671549,1.85344201,1.95515317,2.12927261,2.41340152,2.47360047,2.55570336,2.60924596,..,..
Bangladesh,BGD,"External health expenditure per capita, PPP (current international $)",SH.XPD.EHEX.PP.CD,5.56271575,5.89404364,6.26384078,7.0907769,7.2700906,7.1357996,7.06690087,6.90846175,..,..
Bangladesh,BGD,Final consumption expenditure (annual % growth),NE.CON.TOTL.KD.ZG,2.5437911836697,4.75607673018163,6.50874739941136,4.04208875123184,5.17339837722137,4.27597432900843,6.02872476071326,3.39913311480554,7.4516212475354,11.3641071292065
Bangladesh,BGD,Final consumption expenditure (constant 2010 US$),NE.CON.TOTL.KD,87144800377.3288,91289473949.6381,97231275211.2715,101161449649.266,106394934443.794,110944354527.976,117632884300.018,121631382624.161,130694892575.454,145547200180.13
Bangladesh,BGD,Final consumption expenditure (constant LCU),NE.CON.TOTL.KN,4326381000000,4532147000000,4827133000000,5022250000000,5282071000000,5507931000000,5839989000000,6038498000000,6488464000000,7225820000000
Bangladesh,BGD,Final consumption expenditure (current LCU),NE.CON.TOTL.CN,5617136856000,6315707063100,7269658186200,8312500384200,9347273302400,10468575000000,11799237000000,13000335000000,14753560000000,17365869000000
Bangladesh,BGD,Final consumption expenditure (current US$),NE.CON.TOTL.CD,81641583084.311,91289473949.6381,102110115363.168,105052641755.659,116938413682.408,134695157648.24,151852227932.064,166110657512.928,186470677451.972,211451913382.72
Bangladesh,BGD,General government final consumption expenditure (% of GDP),NE.CON.GOVT.ZS,5.09374516609514,5.07532583559895,5.0974466876342,5.03934251843094,5.11613164205746,5.33752075651661,5.40424038147983,5.89248815212782,5.99583908454596,6.35669477164265
Bangladesh,BGD,General government final consumption expenditure (annual % growth),NE.CON.GOVT.KD.ZG,6.10281864282258,6.82588899697363,6.73626898280915,3.08225062059731,5.79108749565351,7.88515082782131,8.75157051386961,8.36842848576475,7.75617113825828,15.4126930626326
Bangladesh,BGD,General government final consumption expenditure (constant 2010 US$),NE.CON.GOVT.KD,5476939023.45949,5850788801.63276,6244913672.92682,6437397563.36638,6810192888.70399,7347186869.64386,7990181109.32651,8658833701.34359,9330427661.79698,10768497838.7407
Bangladesh,BGD,General government final consumption expenditure (constant LCU),NE.CON.GOVT.KN,296064000000,316273000000,337578000000,347983000000,368135000000,397163000000,431921000000,468066000000,504370000000,582107000000
Bangladesh,BGD,General government final consumption expenditure (current LCU),NE.CON.GOVT.CN,359145607300,404776876900,466838848300,531753457900,613384877600,717189000000,819176000000,1021088000000,1184667000000,1430561000000
Bangladesh,BGD,General government final consumption expenditure (current US$),NE.CON.GOVT.CD,5219957549.44595,5850788801.63276,6557250345.88443,6720252984.44273,7673708924.81606,9227797041.96448,10542520729.813,13046863719.9395,14973040950.455,17418930239.5807
Bangladesh,BGD,"Government expenditure on education, total (% of GDP)",SE.XPD.TOTL.GD.ZS,1.93942,..,2.1327,2.1755,1.96616,..,..,1.53554,2.47255,1.98602
Bangladesh,BGD,"Government expenditure on education, total (% of government expenditure)",SE.XPD.TOTL.GB.ZS,14.02987,..,16.79397,15.59324,13.82282,..,..,11.41942,18.38782,14.6466
Bangladesh,BGD,"Government expenditure per student, secondary (% of GDP per capita)",SE.XPD.SECO.PC.ZS,10.61702,12.92962,11.5664,10.74228,..,..,..,10.19526,..,..
Bangladesh,BGD,"Government expenditure per student, tertiary (% of GDP per capita)",SE.XPD.TERT.PC.ZS,24.57943,..,16.63108,24.2171,..,..,..,30.84673,..,..
Bangladesh,BGD,Gross national expenditure (% of GDP),NE.DAB.TOTL.ZS,105.873643437448,105.436632325177,106.798889701874,107.038572376515,106.353526379942,106.487933386243,106.728219108785,104.674816066051,105.18120318135,108.400126142018
Bangladesh,BGD,Gross national expenditure (constant 2010 US$),NE.DAB.TOTL.KD,115014747860.158,121546377054.867,130381024825.164,137814375149.317,145014158102.821,153369522501.099,163078215441.94,171125607442.631,185212169799.182,205789739172.282
Bangladesh,BGD,Gross national expenditure (constant LCU),NE.DAB.TOTL.KN,5919773000000,6262007000000,6722384000000,7117786000000,7490025000000,7933480000000,8438208000000,8868202000000,9605348000000,10670031000000
Bangladesh,BGD,Gross national expenditure (current LCU),NE.DAB.TOTL.CN,7464852035100,8408979467700,9780949899700,11294753389300,12750970718700,14308511000000,16177888000000,18138721000000,20781862000000,24395224000000
Bangladesh,BGD,Gross national expenditure (current US$),NE.DAB.TOTL.CD,108496971546.051,121546377054.867,137383890279.138,142742090428.046,159520133895.385,184102148081.909,208203999634.502,231765940781.799,262662563195.147,297043401179.639
Bangladesh,BGD,Gross national expenditure deflator (base year varies by country),NE.DAB.DEFL.ZS,126.100308831099,134.285692553522,145.498232467827,158.683520258968,170.239361266484,180.356048039448,191.721844258876,204.536624222137,216.357200176402,228.633112687301
Bangladesh,BGD,Households and NPISHs final consumption expenditure (% of GDP),NE.CON.PRVT.ZS,74.5738412555998,74.1146503135208,74.2804696467287,73.7368948491692,72.8477739835278,72.5725369181701,72.437289480297,69.1297625855095,68.6749094753396,70.8085073255284
Bangladesh,BGD,Households and NPISHs Final consumption expenditure (annual % growth),NE.CON.PRVT.KD.ZG,2.2917384725263,4.60402990633244,6.4916788310087,4.11426076749255,5.12741356024378,4.00558737435735,5.81712963687649,3.00225514915861,7.42603087157335,11.0228716326983
Bangladesh,BGD,Households and NPISHs Final consumption expenditure (constant 2010 US$),NE.CON.PRVT.KD,81678196551.8072,85438685148.0054,90985090185.2506,94728454055.0101,99585573653.636,103574560818.587,109599627292.23,112890087746.07,121273340513.039,134641145162.476
Bangladesh,BGD,Households and NPISHs Final consumption expenditure (constant LCU),NE.CON.PRVT.KN,4030317000000,4215874000000,4489555000000,4674267000000,4913936000000,5110768000000,5408068000000,5570432000000,5984094000000,6643713000000
Bangladesh,BGD,Households and NPISHs Final consumption expenditure (current LCU),NE.CON.PRVT.CN,5257991248700,5910930186200,6802819338000,7780746926300,8733888424800,9751386000000,10980061000000,11979247000000,13568893000000,15935308000000
Bangladesh,BGD,Households and NPISHs Final consumption expenditure (current US$),NE.CON.PRVT.CD,76421625534.8651,85438685148.0054,95552865018.6883,98332388771.2159,109264704757.592,125467360606.275,141309707202.251,153063793792.988,171497636501.517,194032983143.14
Bangladesh,BGD,Households and NPISHs Final consumption expenditure per capita (constant 2010 US$),NE.CON.PRVT.PC.KD,559.728012174704,578.949254276307,609.518238261851,627.308322244625,651.888749815671,670.298012417935,701.409441578078,714.626115465802,759.522077512664,834.435116261601
Bangladesh,BGD,Households and NPISHs Final consumption expenditure per capita growth (annual %),NE.CON.PRVT.PC.KD.ZG,1.15569399256907,3.4340325450076,5.28008003460599,2.91871233148093,3.91839653634638,2.82398838873499,4.64143240525456,1.88430224976553,6.28244071623365,9.86318119866473
Bangladesh,BGD,"Households and NPISHs Final consumption expenditure, PPP (constant 2011 international $)",NE.CON.PRVT.PP.KD,245761147477.949,257076064205.98,273764616645.63,285028006863.557,299642571537.972,311645016551.697,329773811171.374,339674462397.843,364898792838.358,405121118362.196
Bangladesh,BGD,"Households and NPISHs Final consumption expenditure, PPP (current international $)",NE.CON.PRVT.PP.CD,243077384292.213,256869484136.733,273764616645.63,300890773347.22,318698101546.912,337969131445.064,358780805541.892,375656186572.513,411126764343.834,468641046891.964
Bangladesh,BGD,Increase in poverty gap at $1.90 ($ 2011 PPP) poverty line due to out-of-pocket health care expenditure (% of poverty line),SH.UHC.NOP1.ZG,..,3.40631,..,..,..,..,..,..,..,..
Bangladesh,BGD,Increase in poverty gap at $1.90 ($ 2011 PPP) poverty line due to out-of-pocket health care expenditure (USD),SH.UHC.NOP1.CG,..,0.0647198,..,..,..,..,..,..,..,..
Bangladesh,BGD,Increase in poverty gap at $3.10 ($ 2011 PPP) poverty line due to out-of-pocket health care expenditure (% of poverty line),SH.UHC.NOP2.ZG,..,3.94625,..,..,..,..,..,..,..,..
Bangladesh,BGD,Increase in poverty gap at $3.10 ($ 2011 PPP) poverty line due to out-of-pocket health care expenditure (USD),SH.UHC.NOP2.CG,..,0.1223338,..,..,..,..,..,..,..,..
Bangladesh,BGD,"International tourism, expenditures (% of total imports)",ST.INT.XPND.MP.ZS,2.8215096679514,2.83331213125474,2.16219849367654,2.35503215284381,3.14662114582846,1.73098368046026,1.81456130186139,1.7501253552406,1.96952615113567,..
Bangladesh,BGD,"International tourism, expenditures (current US$)",ST.INT.XPND.CD,651000000,835000000,819000000,889000000,1308000000,782000000,827000000,843000000,1118000000,..
Bangladesh,BGD,"International tourism, expenditures for passenger transport items (current US$)",ST.INT.TRNX.CD,402000000,574000000,487000000,585000000,958000000,382000000,400000000,359000000,511000000,..
Bangladesh,BGD,"International tourism, expenditures for travel items (current US$)",ST.INT.TVLX.CD,249000000,261000000,332000000,304000000,350000000,400000000,427000000,484000000,607000000,..
Bangladesh,BGD,Military expenditure (% of general government expenditure),MS.MIL.XPND.ZS,9.7293875642094,11.1722830540773,10.4551431053509,9.94526690296618,9.13185583548849,9.72598843020906,10.5139783915866,10.9210644899641,10.7648406939592,10.159261551542
Bangladesh,BGD,Military expenditure (current LCU),MS.MIL.XPND.CN,86905808539.7877,113154000000,133588500000,149270500000,159954500000,182922500000,219442500000,254475000000,288403000000,325009000000
Bangladesh,BGD,Military expenditure (current USD),MS.MIL.XPND.CD,1258791156.60238,1624625085.96641,1801539801.81356,1823425076.37789,2047989070.87034,2355991524.71152,2815281640.95454,3239738758.46616,3594007979.6026,3894695211.01616
Bangladesh,BGD,Number of people pushed below the $1.90 ($ 2011 PPP) poverty line by out-of-pocket health care expenditure,SH.UHC.NOP1.TO,..,6856000,..,..,..,..,..,..,..,..
Bangladesh,BGD,Number of people pushed below the $3.10 ($ 2011 PPP) poverty line by out-of-pocket health care expenditure,SH.UHC.NOP2.TO,..,6215000,..,..,..,..,..,..,..,..
Bangladesh,BGD,Number of people spending more than 10% of household consumption or income on out-of-pocket health care expenditure,SH.UHC.OOPC.10.TO,..,20600000,..,..,..,..,..,..,..,..
Bangladesh,BGD,Number of people spending more than 25% of household consumption or income on out-of-pocket health care expenditure,SH.UHC.OOPC.25.TO,..,7365000,..,..,..,..,..,..,..,..
Bangladesh,BGD,Out-of-pocket expenditure (% of current health expenditure),SH.XPD.OOPC.CH.ZS,67.23670186,67.2104023,67.3722294,67.46909905,68.51466512,69.93145731,71.81633672,71.88884163,..,..
Bangladesh,BGD,Out-of-pocket expenditure per capita (current US$),SH.XPD.OOPC.PC.CD,11.68812934,13.56128539,14.92771117,15.34776867,17.71765679,20.16412941,22.86739048,24.59890058,..,..
Bangladesh,BGD,"Out-of-pocket expenditure per capita, PPP (current international $)",SH.XPD.OOPC.PP.CD,38.99922029,43.12560498,47.82479816,51.11022562,53.37237467,58.16912974,63.23174434,65.1301434,..,..
Bangladesh,BGD,Primary government expenditures as a proportion of original approved budget (%),GF.XPD.BUDG.ZS,88.0962384953982,89.2725355824987,97.0492547476735,93.178067119017,90.7531031605299,84.5925659580206,81.5855654464892,80.796340223653,76.7006253486392,..
Bangladesh,BGD,Proportion of population pushed below the $1.90 ($ 2011 PPP) poverty line by out-of-pocket health care expenditure (%),SH.UHC.NOP1.ZS,..,4.505829,..,..,..,..,..,..,..,..
Bangladesh,BGD,Proportion of population pushed below the $3.10 ($ 2011 PPP) poverty line by out-of-pocket health care expenditure (%),SH.UHC.NOP2.ZS,..,4.084719,..,..,..,..,..,..,..,..
Bangladesh,BGD,Proportion of population spending more than 10% of household consumption or income on out-of-pocket health care expenditure (%),SH.UHC.OOPC.10.ZS,..,13.57037,..,..,..,..,..,..,..,..
Bangladesh,BGD,Proportion of population spending more than 25% of household consumption or income on out-of-pocket health care expenditure (%),SH.UHC.OOPC.25.ZS,..,4.840426,..,..,..,..,..,..,..,..
Bangladesh,BGD,Research and development expenditure (% of GDP),GB.XPD.RSDV.GD.ZS,..,..,..,..,..,..,..,..,..,..
Bangladesh,BGD,Risk of catastrophic expenditure for surgical care (% of people at risk),SH.SGR.CRSK.ZS,74.8,72.8,71.4,70.2,71.4,69.2,66.3,69.9,64.2,..
Bangladesh,BGD,Risk of impoverishing expenditure for surgical care (% of people at risk),SH.SGR.IRSK.ZS,71.4,69.6,67.1,65.5,63.9,63.1,59.5,60.9,56,..
India,IND,Current health expenditure (% of GDP),SH.XPD.CHEX.GD.ZS,3.48537865,3.27211934,3.24634215,3.32935296,3.74944184,3.61956552,3.59770551,3.65833057,..,..
India,IND,Domestic general government health expenditure (% of GDP),SH.XPD.GHED.GD.ZS,0.89261258,0.85750189,0.93731915,0.93186863,0.86504196,0.8565355,0.92245631,0.93019386,..,..
India,IND,Expense (% of GDP),GC.XPN.TOTL.GD.ZS,16.8518914986114,16.5051361770663,14.4898394030493,16.166712404362,16.6386825486965,14.803137644208,15.1256903622794,15.477675849255,14.8625930615543,..
India,IND,Final consumption expenditure (% of GDP),NE.CON.TOTL.ZS,67.4195507764427,65.7324697765608,67.291680169943,67.1448100211522,67.9409262328002,68.5685739094316,69.4355717869932,69.6446558754721,70.0130481321281,70.6645637253043
India,IND,GDP (constant 2010 US$),NY.GDP.MKTP.KD,1544380258529.21,1675615312693.42,1763439576430.73,1859659673960.25,1978419519434.88,2125024908808.5,2294947293526.48,2482433620957.72,2660371703952.73,2846127730148.26
India,IND,GDP growth (annual %),NY.GDP.MKTP.KD.ZG,7.86188237155001,8.49758687599316,5.24131422481111,5.45638755166588,6.38610640094825,7.41022760508852,7.99625378571471,8.16952650547138,7.16788886086535,6.98233355585374
India,IND,GDP per capita (constant 2010 US$),NY.GDP.PCAP.KD,1268.24916759241,1357.56370057352,1410.42587646228,1469.17756241594,1544.61919713923,1640.18064703047,1751.66437757278,1874.22850055163,1987.3410867622,2104.16329233086
India,IND,"Government expenditure per student, primary (% of GDP per capita)",SE.XPD.PRIM.PC.ZS,7.56766,7.46912,9.00616,9.38488,9.7707,..,..,..,..,..
India,IND,Military expenditure (% of GDP),MS.MIL.XPND.GD.ZS,2.8934959701011,2.70746404217818,2.65149668110065,2.53734660363375,2.47272671433353,2.49676988106994,2.4051274700264,2.50647075056096,2.50962455841482,2.41903434166523
India,IND,Adjusted savings: education expenditure (% of GNI),NY.ADJ.AEDU.GN.ZS,3.08,3.08,3.08,3.08,3.08,3.08,3.08,3.08,3.08,..
India,IND,Adjusted savings: education expenditure (current US$),NY.ADJ.AEDU.CD,40964000000,51128000000,55748000000,55748000000,56364000000,62216000000,64064000000,69300000000,79156000000,..
India,IND,"Current education expenditure, primary (% of total expenditure in primary public institutions)",SE.XPD.CPRM.ZS,..,..,..,..,..,..,..,..,..,..
India,IND,"Current education expenditure, secondary (% of total expenditure in secondary public institutions)",SE.XPD.CSEC.ZS,..,..,..,..,..,..,..,..,..,..
India,IND,"Current education expenditure, tertiary (% of total expenditure in tertiary public institutions)",SE.XPD.CTER.ZS,..,..,..,..,..,..,..,..,..,..
India,IND,"Current education expenditure, total (% of total expenditure in public institutions)",SE.XPD.CTOT.ZS,..,..,..,..,..,..,..,..,..,..
India,IND,Current health expenditure per capita (current US$),SH.XPD.CHEX.PC.CD,38.41241243,45.25077162,48.72283264,49.05140288,56.21846375,57.15113738,58.96633802,62.71555407,..,..
India,IND,"Current health expenditure per capita, PPP (current international $)",SH.XPD.CHEX.PP.CD,140.90269772,145.63059462,150.4965205,163.68711403,196.86487918,205.89394337,221.76340841,241.48305525,..,..
India,IND,Discrepancy in expenditure estimate of GDP (constant LCU),NY.GDP.DISC.KN,559020000000,-592890000000,-296199541300,416355589400,-330596570700,-244874377100,788037527400,2677003212400,3809468720000,2742056150294.3
India,IND,Discrepancy in expenditure estimate of GDP (current LCU),NY.GDP.DISC.CN,-766849999999.996,-812879999999.996,-296200190800.008,1225733572600.02,1143888194700,186870030400.016,1024949169200.01,2938378227200,3848348098600.01,3977131687986.07
India,IND,Domestic general government health expenditure (% of current health expenditure),SH.XPD.GHED.CH.ZS,25.61020406,26.20631475,28.87308557,27.98948135,23.07121947,23.6640419,25.64012839,25.42673063,..,..
India,IND,Domestic general government health expenditure (% of general government expenditure),SH.XPD.GHED.GE.ZS,3.19391981,3.16940536,3.48778336,3.51782788,3.09947248,3.02726097,3.14426719,3.14426719,..,..
India,IND,Domestic general government health expenditure per capita (current US$),SH.XPD.GHED.PC.CD,9.83749721,11.85855964,14.06778515,13.72923326,12.97028516,13.5242691,15.11904478,15.94651501,..,..
India,IND,"Domestic general government health expenditure per capita, PPP (current international $)",SH.XPD.GHED.PP.CD,36.08546841,38.164412,43.45298911,45.81517426,45.41912834,48.72282903,56.86042264,61.40124602,..,..
India,IND,Domestic private health expenditure (% of current health expenditure),SH.XPD.PVTD.CH.ZS,73.37129943,72.82317657,70.25712855,71.06796581,76.65864807,75.58837389,73.64810806,73.54952988,..,..
India,IND,Domestic private health expenditure per capita (current US$),SH.XPD.PVTD.PC.CD,28.18368614,32.95304932,34.23126314,34.85983423,43.09631428,43.19961541,43.42759235,46.12699522,..,..
India,IND,"Domestic private health expenditure per capita, PPP (current international $)",SH.XPD.PVTD.PP.CD,103.38214026,106.05282507,105.73453381,116.32910225,150.91395492,155.63188373,163.32455467,177.60965202,..,..
India,IND,Expenditure on primary education (% of government expenditure on education),SE.XPD.PRIM.ZS,26.68135,25.20659,26.54745,27.21284,28.40116,..,..,..,..,..
India,IND,Expenditure on secondary education (% of government expenditure on education),SE.XPD.SECO.ZS,34.91827,36.9852,36.96254,38.7325,41.35294,..,..,..,..,..
India,IND,Expenditure on tertiary education (% of government expenditure on education),SE.XPD.TERT.ZS,36.45114,36.07652,34.68074,32.1669,28.52687,..,..,..,..,..
India,IND,External health expenditure (% of current health expenditure),SH.XPD.EHEX.CH.ZS,1.01849651,0.97050868,0.86978588,0.94255284,0.27013245,0.74758421,0.71176354,1.0237395,..,..
India,IND,External health expenditure per capita (current US$),SH.XPD.EHEX.PC.CD,0.39122908,0.43916267,0.42378432,0.46233539,0.15186431,0.42725288,0.4197009,0.6420439,..,..
India,IND,"External health expenditure per capita, PPP (current international $)",SH.XPD.EHEX.PP.CD,1.43508906,1.41335756,1.30899748,1.54283754,0.53179593,1.53923061,1.5784311,2.47215742,..,..
India,IND,Final consumption expenditure (annual % growth),NE.CON.TOTL.KD.ZG,6.43845783058782,6.46887308833625,7.27415908495792,4.66983859072054,6.23725464045475,6.5724831072874,7.85745272369695,7.83721010554042,8.55133180334013,8.38742193458512
India,IND,Final consumption expenditure (constant 2010 US$),NE.CON.TOTL.KD,1034502664524.1,1101423328987.63,1181542614137.03,1236718747097.8,1313856044540.54,1400209011122.04,1510229772203.9,1628589652527.94,1767855757430.47,1916133279001.02
India,IND,Final consumption expenditure (constant LCU),NE.CON.TOTL.KN,51472180000000,54801850000000,58788223750500,61533538910000,65371542421100,69668076003700,75142212139200,81031265182500,87960517532700,95338137274012.3
India,IND,Final consumption expenditure (current LCU),NE.CON.TOTL.CN,42922030000000,50183270000000,58788223750500,66768887072600,76321586315100,85491018825100,95625793735700,106990808739000,119687339516400,134644024642291
India,IND,Final consumption expenditure (current US$),NE.CON.TOTL.CD,904693984659.713,1101423328987.63,1226760926734.35,1227163968391.32,1261474206844.74,1398200610122.73,1460638226562.39,1595163536781.37,1857131950174.36,1926543982921.08
India,IND,General government final consumption expenditure (% of GDP),NE.CON.GOVT.ZS,11.4596663392711,11.0076112663718,11.0844615855594,10.6838562318127,10.2951601419598,10.4408568081213,10.4282907091862,10.3064203378256,11.0302011998222,11.1840046327266
India,IND,General government final consumption expenditure (annual % growth),NE.CON.GOVT.KD.ZG,14.1904877719942,5.22179097325035,6.53073123507993,0.608025783399995,0.570908352580318,7.58561499782356,7.46113483667519,5.84733309276029,14.9720825415592,8.87277708853847
India,IND,General government final consumption expenditure (constant 2010 US$),NE.CON.GOVT.KD,175291846142.385,184445219941.092,196490841531.396,197685556509.927,198814159863.887,213895436592.319,229854463525.967,243294819636.907,279721120852.282,304540152375.067
India,IND,General government final consumption expenditure (constant LCU),NE.CON.GOVT.KN,8638990000000,9090100000000,9683750000000,9742629696800,9798251183500,10541508794800,11328024979800,11990412333200,13785626764800,15008794697898.6
India,IND,General government final consumption expenditure (current LCU),NE.CON.GOVT.CN,7295690000000,8403730000000,9683750000000,10624040637200,11565090395000,13017617766300,14361710441900,15833120765500,18856134265800,21309965221353.2
India,IND,General government final consumption expenditure (current US$),NE.CON.GOVT.CD,153775738401.516,184445219941.092,202075268929.395,195262201308.237,191152515788.76,212902376803.132,219368252547.408,236061557214.635,292581734570.15,304912047768.368
India,IND,"Government expenditure on education, total (% of GDP)",SE.XPD.TOTL.GD.ZS,3.27825,3.37769,3.79618,3.8675,3.84467,..,..,..,..,..
India,IND,"Government expenditure on education, total (% of government expenditure)",SE.XPD.TOTL.GB.ZS,11.1912,11.83368,13.56491,13.99212,14.05018,..,..,..,..,..
India,IND,"Government expenditure per student, secondary (% of GDP per capita)",SE.XPD.SECO.PC.ZS,13.55335,14.08641,15.18774,15.68077,16.81842,..,..,..,..,..
India,IND,"Government expenditure per student, tertiary (% of GDP per capita)",SE.XPD.TERT.PC.ZS,77.32526,71.34038,60.80984,54.31283,49.16695,..,..,..,..,..
India,IND,Gross national expenditure (% of GDP),NE.DAB.TOTL.ZS,106.676356067088,105.518089528654,106.882101612059,105.492225694193,101.96412831655,102.836379525086,101.552301922821,99.8566726429114,100.954302367877,101.647279982291
India,IND,Gross national expenditure (constant 2010 US$),NE.DAB.TOTL.KD,1618880913232.79,1768077265803.67,1874463483548.95,1959394116508.78,2009744331461.98,2149636314023.01,2295101415668.18,2441693644888.44,2665193976706.14,2898064572624.46
India,IND,Gross national expenditure (constant LCU),NE.DAB.TOTL.KN,80641714364700,88078216740700,93375717650200,97606243650700,100107156459100,107076116967100,114319475198700,121617760144700,132751606321100,144351731938796
India,IND,Gross national expenditure (current LCU),NE.DAB.TOTL.CN,67914510000000,80557490000000,93375717304500,104901607468900,114541623905600,128215979371200,139856549418900,153403675124100,172581428540900,193678389128108
India,IND,Gross national expenditure (current US$),NE.DAB.TOTL.CD,1431475833461.56,1768077265803.67,1948514076239.27,1928015855231.94,1893190526340.49,2096964839675.78,2136241847894.79,2287149259364.56,2677864561490.42,2771232783540.88
India,IND,Gross national expenditure deflator (base year varies by country),NE.DAB.DEFL.ZS,84.2175920180199,91.4613090284959,99.9999996297753,107.474279867083,114.41901653894,119.742836220513,122.338341018286,126.135915462989,130.003269507308,134.171157163688
India,IND,Households and NPISHs final consumption expenditure (% of GDP),NE.CON.PRVT.ZS,55.9598844371715,54.724858510189,56.2072185843836,56.4609537893395,57.6457660908404,58.1277171013104,59.007281077807,59.3382355376465,58.9828469323059,59.4805590925778
India,IND,Households and NPISHs Final consumption expenditure (annual % growth),NE.CON.PRVT.KD.ZG,5.00078321857976,6.7203960293408,7.421994892998,5.47085684361426,7.30317749188303,6.39385555914225,7.92811112124639,8.19044466843152,7.43623189288583,8.29721721783621
India,IND,Households and NPISHs Final consumption expenditure (constant 2010 US$),NE.CON.PRVT.KD,859234170002.919,916978109046.534,985036177469.878,1038926096597.06,1114800713441.04,1186079460830.75,1280113158471.69,1384960118409.62,1487948964438.55,1611407322108.56
India,IND,Households and NPISHs Final consumption expenditure (constant LCU),NE.CON.PRVT.KN,42833190000000,45711750000000,49104473750500,51790909213200,55573291237700,59126567208900,63814187159400,69040852849300,74174890768000,80329342576113.7
India,IND,Households and NPISHs Final consumption expenditure (current LCU),NE.CON.PRVT.CN,35626340000000,41779540000000,49104473750500,56144846435400,64756495920100,72473401058800,81264083293800,91157687973500,100831205250600,113334059420938
India,IND,Households and NPISHs Final consumption expenditure (current US$),NE.CON.PRVT.CD,750918246258.197,916978109046.534,1024685657804.95,1031901767083.08,1070321691055.98,1185298233319.6,1241269974014.98,1359101979566.73,1564550215604.21,1621631935152.72
India,IND,Households and NPISHs Final consumption expenditure per capita (constant 2010 US$),NE.CON.PRVT.PC.KD,705.605381093745,742.924814324547,787.846962563379,820.777549517058,870.362714303086,915.46436440865,977.071946393774,1045.6399333849,1111.52216347831,1191.32535769833
India,IND,Households and NPISHs Final consumption expenditure per capita growth (annual %),NE.CON.PRVT.PC.KD.ZG,3.53005803678792,5.28899498653961,6.0466614350033,4.17982025932224,6.04124282093285,5.18193729630043,6.7296537560934,7.01770092204603,6.30066124962667,7.17963139576942
India,IND,"Households and NPISHs Final consumption expenditure, PPP (constant 2011 international $)",NE.CON.PRVT.PP.KD,2860282312617.02,3052504611582.07,3279061347962.22,3458454100123.52,3711031141530.85,3948309112475.12,4261335446322.44,4610357768189.74,4953194662924,5364171983329.08
India,IND,"Households and NPISHs Final consumption expenditure, PPP (current international $)",NE.CON.PRVT.PP.CD,2766148430019.84,2944122588598.8,3279061347962.22,3500773907455.43,3693954755639.59,3950254035735.01,4188678639954.07,4533891350012.67,4997367789242.11,5487500473468.91
India,IND,Increase in poverty gap at $1.90 ($ 2011 PPP) poverty line due to out-of-pocket health care expenditure (% of poverty line),SH.UHC.NOP1.ZG,1.09431,..,1.11942,..,..,..,..,..,..,..
India,IND,Increase in poverty gap at $1.90 ($ 2011 PPP) poverty line due to out-of-pocket health care expenditure (USD),SH.UHC.NOP1.CG,0.0207919,..,0.021269,..,..,..,..,..,..,..
India,IND,Increase in poverty gap at $3.10 ($ 2011 PPP) poverty line due to out-of-pocket health care expenditure (% of poverty line),SH.UHC.NOP2.ZG,2.15484,..,2.48085,..,..,..,..,..,..,..
India,IND,Increase in poverty gap at $3.10 ($ 2011 PPP) poverty line due to out-of-pocket health care expenditure (USD),SH.UHC.NOP2.CG,0.0668,..,0.0769062,..,..,..,..,..,..,..
India,IND,"International tourism, expenditures (% of total imports)",ST.INT.XPND.MP.ZS,2.83619085114874,2.38920035388079,2.47693665015228,2.43262481221497,2.47747857892658,3.15995119003195,3.59559187581085,4.06429747250986,3.89165109332806,..
India,IND,"International tourism, expenditures (current US$)",ST.INT.XPND.CD,9310000000,10490000000,13699000000,14107000000,13884000000,17492000000,17686000000,19184000000,21856000000,..
India,IND,"International tourism, expenditures for passenger transport items (current US$)",ST.INT.TRNX.CD,..,..,..,1765000000,2269000000,2897000000,2848000000,2808000000,3413000000,..
India,IND,"International tourism, expenditures for travel items (current US$)",ST.INT.TVLX.CD,9310000000,10490000000,13699000000,12342000000,11615000000,14595000000,14838000000,16376000000,18443000000,..
India,IND,Military expenditure (% of general government expenditure),MS.MIL.XPND.ZS,10.3147347654176,9.86423078543245,9.59276900676337,9.27261936043424,9.29598164191357,9.50479107132916,8.83119848844421,9.08014813581216,9.17714550819275,8.73680778904684
India,IND,Military expenditure (current LCU),MS.MIL.XPND.CN,1874357500000,2107522500000,2316435000000,2523140000000,2777742500000,3107262575000,3290705025000,3805752500000,4209430000000,4546567500000
India,IND,Military expenditure (current USD),MS.MIL.XPND.CD,38722154392.1843,46090445656.5003,49633815793.7027,47216920048.2061,47403528801.4226,50914108341.0482,51295483753.9436,56637622640.8741,64559435280.6927,66510289108.4743
India,IND,Number of people pushed below the $1.90 ($ 2011 PPP) poverty line by out-of-pocket health care expenditure,SH.UHC.NOP1.TO,44000000,..,51900000,..,..,..,..,..,..,..
India,IND,Number of people pushed below the $3.10 ($ 2011 PPP) poverty line by out-of-pocket health care expenditure,SH.UHC.NOP2.TO,40900000,..,57500000,..,..,..,..,..,..,..
India,IND,Number of people spending more than 10% of household consumption or income on out-of-pocket health care expenditure,SH.UHC.OOPC.10.TO,162000000,..,216000000,..,..,..,..,..,..,..
India,IND,Number of people spending more than 25% of household consumption or income on out-of-pocket health care expenditure,SH.UHC.OOPC.25.TO,33600000,..,48600000,..,..,..,..,..,..,..
India,IND,Out-of-pocket expenditure (% of current health expenditure),SH.XPD.OOPC.CH.ZS,66.7577491,65.18476657,62.22490065,63.00013712,69.07303434,67.01399891,64.66441011,64.57785669,..,..
India,IND,Out-of-pocket expenditure per capita (current US$),SH.XPD.OOPC.PC.CD,25.64326191,29.49660985,30.31773421,30.90245107,38.83179877,38.29926258,38.13023465,40.50036063,..,..
India,IND,"Out-of-pocket expenditure per capita, PPP (current international $)",SH.XPD.OOPC.PP.CD,94.06346943,94.92896316,93.64631037,103.12310628,135.9805456,137.97776496,143.40199989,155.94458134,..,..
India,IND,Primary government expenditures as a proportion of original approved budget (%),GF.XPD.BUDG.ZS,117.722044949686,100.357451427161,107.989094014966,103.707952985103,94.5971125308114,93.6437764554911,92.6893094403452,100.748589151927,..,..
India,IND,Proportion of population pushed below the $1.90 ($ 2011 PPP) poverty line by out-of-pocket health care expenditure (%),SH.UHC.NOP1.ZS,3.620288,..,4.164312,..,..,..,..,..,..,..
India,IND,Proportion of population pushed below the $3.10 ($ 2011 PPP) poverty line by out-of-pocket health care expenditure (%),SH.UHC.NOP2.ZS,3.367812,..,4.609583,..,..,..,..,..,..,..
India,IND,Proportion of population spending more than 10% of household consumption or income on out-of-pocket health care expenditure (%),SH.UHC.OOPC.10.ZS,13.30739,..,17.33149,..,..,..,..,..,..,..
India,IND,Proportion of population spending more than 25% of household consumption or income on out-of-pocket health care expenditure (%),SH.UHC.OOPC.25.ZS,2.763489,..,3.898898,..,..,..,..,..,..,..
India,IND,Research and development expenditure (% of GDP),GB.XPD.RSDV.GD.ZS,0.84444,0.82213,0.83125,..,..,..,0.61992,..,..,..
India,IND,Risk of catastrophic expenditure for surgical care (% of people at risk),SH.SGR.CRSK.ZS,..,..,46.7,47.1,47.8,44.2,39.6,39.3,36.8,..
India,IND,Risk of impoverishing expenditure for surgical care (% of people at risk),SH.SGR.IRSK.ZS,..,..,41.2,38.7,35.9,34.4,32,29.9,26.7,..
Sri Lanka,LKA,Current health expenditure (% of GDP),SH.XPD.CHEX.GD.ZS,4.19339219,3.86745572,3.71693697,3.40384598,3.82699026,3.60648043,3.88992047,3.89324108,..,..
Sri Lanka,LKA,Domestic general government health expenditure (% of GDP),SH.XPD.GHED.GD.ZS,1.70255016,1.56387679,1.58128614,1.43723979,1.73812659,1.61207811,1.70871618,1.67771562,..,..
Sri Lanka,LKA,Expense (% of GDP),GC.XPN.TOTL.GD.ZS,20.9584196862527,16.8498263445687,16.1655744129012,15.5115452833492,14.6677613572832,14.7710330303848,18.0498742864745,16.7272601598179,16.4380364196726,..
Sri Lanka,LKA,Final consumption expenditure (% of GDP),NE.CON.TOTL.ZS,82.0585226169334,76.9067666101192,79.8270226081954,72.8035720713879,75.3675798994233,75.7638430596856,76.3512015152355,79.4359397929793,78.3493528963812,78.7644097095513
Sri Lanka,LKA,GDP (constant 2010 US$),NY.GDP.MKTP.KD,52516077578.7272,56725749221.9043,61493396998.1736,67116705113.4529,69395808982.4834,72838327289.2906,76485840044.3994,79917480155.1327,82650513476.8207,85302876832.2506
Sri Lanka,LKA,GDP growth (annual %),NY.GDP.MKTP.KD.ZG,3.53891205299132,8.01596737088065,8.404733021011,9.14457224642567,3.39573264983426,4.9607005916973,5.00768330472781,4.48663453096836,3.41981918897194,3.20913112799197
Sri Lanka,LKA,GDP per capita (constant 2010 US$),NY.GDP.PCAP.KD,2609.68801158959,2799.64887619972,3014.57874450509,3286.0075942939,3371.18333653065,3505.55045188616,3647.39342128753,3769.15908857863,3854.24890304144,3936.45024606602
Sri Lanka,LKA,"Government expenditure per student, primary (% of GDP per capita)",SE.XPD.PRIM.PC.ZS,7.21371,4.90269,4.76637,4.03389,4.34115,6.32998,7.36464,11.38421,10.09511,..
Sri Lanka,LKA,Military expenditure (% of GDP),MS.MIL.XPND.GD.ZS,3.61866385346245,2.70074764247987,2.68315761113058,2.15519943702546,2.15404824896398,2.41264701190051,2.55280462978562,2.142560071302,2.14799913812899,1.891496667079
Sri Lanka,LKA,Adjusted savings: education expenditure (% of GNI),NY.ADJ.AEDU.GN.ZS,1.74,1.7,1.68,1.43,1.29977025933283,1.58712140692445,1.84555593582027,2.53616035987963,2.30772096942907,..
Sri Lanka,LKA,Adjusted savings: education expenditure (current US$),NY.ADJ.AEDU.CD,723506110.7562,953846379.724,1085971824.7728,961254231.4661,943193093.614027,1230786578.64887,1450271109.08932,2018293889.95734,1962027036.88021,..
Sri Lanka,LKA,"Current education expenditure, primary (% of total expenditure in primary public institutions)",SE.XPD.CPRM.ZS,93.14361,92.09413,92.98175,88.89268,87.274,94.7403,95.33808,73.56205,85.70718,80.85154
Sri Lanka,LKA,"Current education expenditure, secondary (% of total expenditure in secondary public institutions)",SE.XPD.CSEC.ZS,91.00229,92.09413,92.98175,88.89268,87.16143,84.42939,85.13593,72.99437,80.69354,78.40808
Sri Lanka,LKA,"Current education expenditure, tertiary (% of total expenditure in tertiary public institutions)",SE.XPD.CTER.ZS,..,63.60619,56.92023,64.22558,59.684,55.33302,59.15109,59.13153,65.32142,60.67657
Sri Lanka,LKA,"Current education expenditure, total (% of total expenditure in public institutions)",SE.XPD.CTOT.ZS,90.85593,85.44089,83.20235,81.40799,78.28994,80.24087,80.72923,71.01222,80.00249,74.65514
Sri Lanka,LKA,Current health expenditure per capita (current US$),SH.XPD.CHEX.PC.CD,100.5638447,108.61496719,119.46286844,114.04912668,138.55420963,138.77209286,151.36759759,153.09678414,..,..
Sri Lanka,LKA,"Current health expenditure per capita, PPP (current international $)",SH.XPD.CHEX.PP.CD,369.0762871,323.20438603,341.71137826,345.96967369,406.6380359,407.52356674,463.7359234,491.49336482,..,..
Sri Lanka,LKA,Discrepancy in expenditure estimate of GDP (constant LCU),NY.GDP.DISC.KN,0,..,..,..,..,..,..,..,..,..
Sri Lanka,LKA,Discrepancy in expenditure estimate of GDP (current LCU),NY.GDP.DISC.CN,999999.99988,472900.00094,294599.99888,305599.9992,-99.998,-100.0005,0.0015,-0.0011,0,-0.0007
Sri Lanka,LKA,Domestic general government health expenditure (% of current health expenditure),SH.XPD.GHED.CH.ZS,40.60078514,40.43683776,42.54272155,42.22399593,45.41758581,44.69948296,43.92676397,43.09303192,..,..
Sri Lanka,LKA,Domestic general government health expenditure (% of general government expenditure),SH.XPD.GHED.GE.ZS,7.83871528,7.83482232,7.96512952,8.06339061,10.10018045,9.02747411,8.39525099,8.5591882,..,..
Sri Lanka,LKA,Domestic general government health expenditure per capita (current US$),SH.XPD.GHED.PC.CD,40.82971052,43.92045806,50.82275547,48.15609861,62.92797705,62.03040801,66.49088732,65.97404606,..,..
Sri Lanka,LKA,"Domestic general government health expenditure per capita, PPP (current international $)",SH.XPD.GHED.PP.CD,149.84787034,130.69363321,145.37332014,146.08222093,184.68517888,182.16092729,203.70418451,211.7993926,..,..
Sri Lanka,LKA,Domestic private health expenditure (% of current health expenditure),SH.XPD.PVTD.CH.ZS,58.19237319,58.4031958,56.94634594,57.39594087,53.93697261,54.04205451,54.64893499,55.81262593,..,..
Sri Lanka,LKA,Domestic private health expenditure per capita (current US$),SH.XPD.PVTD.PC.CD,58.5204878,63.43461195,68.02973833,65.45956932,74.73194609,74.99529007,82.72078001,85.44733544,..,..
Sri Lanka,LKA,"Domestic private health expenditure per capita, PPP (current international $)",SH.XPD.PVTD.PP.CD,214.77425033,188.76169041,194.59214357,198.57254935,219.32824603,220.23410807,253.42674331,274.31535316,..,..
Sri Lanka,LKA,Expenditure on primary education (% of government expenditure on education),SE.XPD.PRIM.ZS,28.30164,25.0467,24.21295,23.89616,22.99159,28.6699,28.30497,34.89671,33.3783,29.85557
Sri Lanka,LKA,Expenditure on secondary education (% of government expenditure on education),SE.XPD.SECO.ZS,48.18927,53.22425,51.45251,50.77935,49.08597,47.10653,47.111,50.4102,51.1788,45.74178
Sri Lanka,LKA,Expenditure on tertiary education (% of government expenditure on education),SE.XPD.TERT.ZS,18.19491,16.42822,17.75958,18.72904,21.12484,20.16606,19.38278,12.12355,12.96432,20.74192
Sri Lanka,LKA,External health expenditure (% of current health expenditure),SH.XPD.EHEX.CH.ZS,1.20684167,1.15996644,0.51093252,0.3800632,0.64544159,1.22874801,1.39277014,1.06595258,..,..
Sri Lanka,LKA,External health expenditure per capita (current US$),SH.XPD.EHEX.PC.CD,1.21364638,1.25989717,0.61037464,0.43345876,0.89428649,1.70515933,2.10820271,1.63193912,..,..
Sri Lanka,LKA,"External health expenditure per capita, PPP (current international $)",SH.XPD.EHEX.PP.CD,4.45416643,3.74906242,1.74591455,1.31490341,2.62461099,5.00743773,6.45877549,5.23908619,..,..
Sri Lanka,LKA,Final consumption expenditure (annual % growth),NE.CON.TOTL.KD.ZG,2.49753859784833,8.27004285288591,8.57384130427201,2.62727887637737,7.00563793850473,3.88080559039616,7.77905260814424,6.85516022605019,1.76616328862474,1.62917351472431
Sri Lanka,LKA,Final consumption expenditure (constant 2010 US$),NE.CON.TOTL.KD,40293638399.3207,43625939561.9315,47366358387.4691,48610804715.8923,52016301693.2813,54034953237.3115,58238360676.428,62230693613.8222,63329789278.6861,64361541432.5451
Sri Lanka,LKA,Final consumption expenditure (constant LCU),NE.CON.TOTL.KN,4555780078800,4932545043600,5355453627900,5496156329800,5881197142800,6109434970300,6584691130700,7036082258100,7160350959900,7277005501300
Sri Lanka,LKA,Final consumption expenditure (current LCU),NE.CON.TOTL.CN,3967770000000,4932545043600,5762797613900,6357545216300,7229352452400,7850006233200,8360930347800,9529201505400,10513141372200,11381403088100
Sri Lanka,LKA,Final consumption expenditure (current US$),NE.CON.TOTL.CD,34518916906.2019,43625939561.9315,52121260703.1869,49822694507.3564,56011532222.2997,60123496114.953,61542184076.0388,65456039498.0963,68962870702.0959,70022167393.257
Sri Lanka,LKA,General government final consumption expenditure (% of GDP),NE.CON.GOVT.ZS,17.6111147762917,8.45584606674845,8.55948479886232,7.62477646339507,7.77391665943597,8.37802028489515,8.99268505496262,8.4589737355801,8.42636573995686,8.99782941135434
Sri Lanka,LKA,General government final consumption expenditure (annual % growth),NE.CON.GOVT.KD.ZG,15.9999768014616,1.58777794024599,-2.09864918035127,6.04650497040286,0.0936096597907294,5.97589436667998,10.2357754173668,2.27950508570289,-5.37954180040876,-5.47163783054584
Sri Lanka,LKA,General government final consumption expenditure (constant 2010 US$),NE.CON.GOVT.KD,4721672362.23571,4796642034.41399,4695977345.67437,4979919849.28957,4984581535.31834,5282454862.48999,5823155078.73824,5955894194.90645,5635494377.10334,5327140534.82747
Sri Lanka,LKA,General government final consumption expenditure (constant LCU),NE.CON.GOVT.KN,533853524800,542329933300,530948330600,563052147800,563579219000,597258117800,658392117400,673400199200,637174354000,602310481000
Sri Lanka,LKA,General government final consumption expenditure (current LCU),NE.CON.GOVT.CN,851549000000,542329933300,617918305900,665830806800,745683801200,868059338100,984754815800,1014745535400,1130673975000,1300180168000
Sri Lanka,LKA,General government final consumption expenditure (current US$),NE.CON.GOVT.CD,7408329911.40095,4796642034.41399,5588723268.26162,5217970734.32213,5777404343.41321,6648499465.0162,7248471117.77171,6970282222.28481,7416862418.52874,7999139707.14901
Sri Lanka,LKA,"Government expenditure on education, total (% of GDP)",SE.XPD.TOTL.GD.ZS,2.0559,1.71774,1.80861,1.49617,1.62107,1.93288,2.22875,3.47508,2.80152,..
Sri Lanka,LKA,"Government expenditure on education, total (% of government expenditure)",SE.XPD.TOTL.GB.ZS,8.27079,8.60566,9.11016,8.39403,9.41995,10.82396,10.95026,17.72876,14.49976,11.33089
Sri Lanka,LKA,"Government expenditure per student, secondary (% of GDP per capita)",SE.XPD.SECO.PC.ZS,..,7.31438,6.82941,5.79818,6.2864,..,..,11.24562,10.34456,..
Sri Lanka,LKA,"Government expenditure per student, tertiary (% of GDP per capita)",SE.XPD.TERT.PC.ZS,..,18.58791,15.32875,19.97645,23.67263,25.8831,27.43839,29.91678,26.38704,..
Sri Lanka,LKA,Gross national expenditure (% of GDP),NE.DAB.TOTL.ZS,106.492388361988,107.259239062126,113.190894641797,111.859113037851,108.616995737693,108.073358121421,107.532590210416,107.288119133112,107.17528815752,107.348670317573
Sri Lanka,LKA,Gross national expenditure (constant 2010 US$),NE.DAB.TOTL.KD,54596241390.9917,60843606967.7043,68069293879.3025,73806043645.6314,74986514556.5249,79653933424.1615,84828934655.1513,90145401744.5209,93543463091.4353,96579066923.0238
Sri Lanka,LKA,Gross national expenditure (constant LCU),NE.DAB.TOTL.KN,6172896509800,6879251729200,7696220352200,8344843025500,8478312413800,9006031752700,9591140664100,10192244336500,10576444407500,10919663405400
Sri Lanka,LKA,Gross national expenditure (current LCU),NE.DAB.TOTL.CN,5149219000000,6879252000000,8171371000000,9768056000000,10418677972100,11197643897600,11775485899700,12870372139100,14381088220300,15511809107200
Sri Lanka,LKA,Gross national expenditure (current US$),NE.DAB.TOTL.CD,44797320104.9547,60843606967.7043,73905451263.1461,76550123272.5774,80721768760.1206,85763180228.6529,86675655779.7212,88406524577.6083,94335374402.4129,95433795417.7433
Sri Lanka,LKA,Gross national expenditure deflator (base year varies by country),NE.DAB.DEFL.ZS,83.4165774823079,100.000003936475,106.173818134822,117.05499995807,122.886223856787,124.334936907623,122.774613699245,126.276134226975,135.972805852428,142.053912573249
Sri Lanka,LKA,Households and NPISHs final consumption expenditure (% of GDP),NE.CON.PRVT.ZS,64.4474078406417,68.4509205433708,71.2675378093331,65.1787956079929,67.5936632410298,67.3858227747905,67.3585164602729,70.9769660573992,69.9229871564243,69.766580298197
Sri Lanka,LKA,Households and NPISHs Final consumption expenditure (annual % growth),NE.CON.PRVT.KD.ZG,0.937997020741733,9.15701844265951,9.89223024587338,2.25098487840351,7.79455952304882,3.65876096191897,7.51286056092661,7.36350029960782,2.52243543704186,2.32277038556579
Sri Lanka,LKA,Households and NPISHs Final consumption expenditure (constant 2010 US$),NE.CON.PRVT.KD,35571966037.085,38829297527.5175,42670381041.7947,43630884866.6027,47031720157.9629,48752498374.8214,52415205597.6898,56274799418.9157,57694294901.5827,59034400897.7177
Sri Lanka,LKA,Households and NPISHs Final consumption expenditure (constant LCU),NE.CON.PRVT.KN,4021926554000,4390215110300,4824505297300,4933104182000,5317617923800,5512176852500,5926299013300,6362682058900,6523176605900,6674695020300
Sri Lanka,LKA,Households and NPISHs Final consumption expenditure (current LCU),NE.CON.PRVT.CN,3116221000000,4390215110300,5144879308000,5691714409500,6483668651300,6981946895100,7376175532000,8514455970000,9382467397200,10081222920100
Sri Lanka,LKA,Households and NPISHs Final consumption expenditure (current US$),NE.CON.PRVT.CD,27110586994.801,38829297527.5175,46532537434.9253,44604723773.0343,50234127879.6613,53474996649.9368,54293712958.2671,58485757275.8115,61546008283.5672,62023027686.108
Sri Lanka,LKA,Households and NPISHs Final consumption expenditure per capita (constant 2010 US$),NE.CON.PRVT.PC.KD,1767.68215745908,1916.38542774084,2091.82172375918,2136.1510338606,2284.75686946626,2346.35183245844,2499.53293265092,2654.09609106804,2690.46329516801,2724.24554211895
Sri Lanka,LKA,Households and NPISHs Final consumption expenditure per capita growth (annual %),NE.CON.PRVT.PC.KD.ZG,0.238155169295055,8.41233078323964,9.15454132967157,2.1191724704795,6.95671014128112,2.69590886519889,6.52847957725002,6.18368161499676,1.37022936819618,1.25562935616396
Sri Lanka,LKA,"Households and NPISHs Final consumption expenditure, PPP (constant 2011 international $)",NE.CON.PRVT.PP.KD,101589609083.657,110892188323.273,121861898916.899,124604991834.053,134317402091.249,139231754764.027,149692042355.98,160714616343.351,164768538778.502,168595733601.978
Sri Lanka,LKA,"Households and NPISHs Final consumption expenditure, PPP (current international $)",NE.CON.PRVT.PP.CD,79797166644.227,107575451925.776,121861898916.899,127952668163.378,138334519857.01,146718089447.301,149550636202.936,168150054193.682,175702759893.817,189356625444.323
Sri Lanka,LKA,Increase in poverty gap at $1.90 ($ 2011 PPP) poverty line due to out-of-pocket health care expenditure (% of poverty line),SH.UHC.NOP1.ZG,0.00763,..,..,..,..,..,..,..,..,..
Sri Lanka,LKA,Increase in poverty gap at $1.90 ($ 2011 PPP) poverty line due to out-of-pocket health care expenditure (USD),SH.UHC.NOP1.CG,0.0001449,..,..,..,..,..,..,..,..,..
Sri Lanka,LKA,Increase in poverty gap at $3.10 ($ 2011 PPP) poverty line due to out-of-pocket health care expenditure (% of poverty line),SH.UHC.NOP2.ZG,0.09436,..,..,..,..,..,..,..,..,..
Sri Lanka,LKA,Increase in poverty gap at $3.10 ($ 2011 PPP) poverty line due to out-of-pocket health care expenditure (USD),SH.UHC.NOP2.CG,0.002925,..,..,..,..,..,..,..,..,..
Sri Lanka,LKA,"International tourism, expenditures (% of total imports)",ST.INT.XPND.MP.ZS,6.27754432714974,5.44074288481592,4.16107774609787,5.61011388309223,8.40617837034609,8.30537740605355,9.35388776808494,9.7902355265832,9.48379308731092,..
Sri Lanka,LKA,"International tourism, expenditures (current US$)",ST.INT.XPND.CD,735000000,828000000,926000000,1219000000,1808000000,1922000000,2152000000,2295000000,2409000000,..
Sri Lanka,LKA,"International tourism, expenditures for passenger transport items (current US$)",ST.INT.TRNX.CD,324000000,375000000,425000000,509000000,620000000,659000000,732000000,753000000,810000000,..
Sri Lanka,LKA,"International tourism, expenditures for travel items (current US$)",ST.INT.TVLX.CD,411000000,453000000,501000000,710000000,1188000000,1263000000,1420000000,1542000000,1599000000,..
Sri Lanka,LKA,Military expenditure (% of general government expenditure),MS.MIL.XPND.ZS,14.5576697478223,13.5303583005913,13.5153993217879,12.0913588178606,12.517053371297,13.510571601522,12.5436498685403,10.8666383875778,11.054036827746,10.1446218852456
Sri Lanka,LKA,Military expenditure (current LCU),MS.MIL.XPND.CN,174973000000,173217000000,193700000000,188202000000,206619000000,249978000000,279575377000,253614300000,284427000000,273218000000
Sri Lanka,LKA,Military expenditure (current USD),MS.MIL.XPND.CD,1522232372.004,1532026109.10635,1751910640.79953,1474902627.68117,1600841410.40839,1914586604.3733,2057866406.9716,1741456649.97426,1866534438.99382,1681433577.38686
Sri Lanka,LKA,Number of people pushed below the $1.90 ($ 2011 PPP) poverty line by out-of-pocket health care expenditure,SH.UHC.NOP1.TO,9000,..,..,..,..,..,..,..,..,..
Sri Lanka,LKA,Number of people pushed below the $3.10 ($ 2011 PPP) poverty line by out-of-pocket health care expenditure,SH.UHC.NOP2.TO,89000,..,..,..,..,..,..,..,..,..
Sri Lanka,LKA,Number of people spending more than 10% of household consumption or income on out-of-pocket health care expenditure,SH.UHC.OOPC.10.TO,577000,..,..,..,..,..,..,..,..,..
Sri Lanka,LKA,Number of people spending more than 25% of household consumption or income on out-of-pocket health care expenditure,SH.UHC.OOPC.25.TO,20000,..,..,..,..,..,..,..,..,..
Sri Lanka,LKA,Out-of-pocket expenditure (% of current health expenditure),SH.XPD.OOPC.CH.ZS,53.28553066,53.29795159,51.22101694,51.9309892,48.93375577,48.68254233,48.93215272,50.12159989,..,..
Sri Lanka,LKA,Out-of-pocket expenditure per capita (current US$),SH.XPD.OOPC.PC.CD,53.5859783,57.88955263,61.19009609,59.22683966,67.79977855,67.55778286,74.06742402,76.73455759,..,..
Sri Lanka,LKA,"Out-of-pocket expenditure per capita, PPP (current international $)",SH.XPD.OOPC.PP.CD,196.66425812,172.26131719,175.02804296,179.66547389,198.98326334,198.3928329,226.91597025,246.34433781,..,..
Sri Lanka,LKA,Primary government expenditures as a proportion of original approved budget (%),GF.XPD.BUDG.ZS,100.860640227043,100.050955294544,100.952126700402,97.5893227733102,93.5264635753279,90.4436349571595,112.601200741762,90.5265815891353,..,..
Sri Lanka,LKA,Proportion of population pushed below the $1.90 ($ 2011 PPP) poverty line by out-of-pocket health care expenditure (%),SH.UHC.NOP1.ZS,0.0474961,..,..,..,..,..,..,..,..,..
Sri Lanka,LKA,Proportion of population pushed below the $3.10 ($ 2011 PPP) poverty line by out-of-pocket health care expenditure (%),SH.UHC.NOP2.ZS,0.4441811,..,..,..,..,..,..,..,..,..
Sri Lanka,LKA,Proportion of population spending more than 10% of household consumption or income on out-of-pocket health care expenditure (%),SH.UHC.OOPC.10.ZS,2.888227,..,..,..,..,..,..,..,..,..
Sri Lanka,LKA,Proportion of population spending more than 25% of household consumption or income on out-of-pocket health care expenditure (%),SH.UHC.OOPC.25.ZS,0.097752,..,..,..,..,..,..,..,..,..
Sri Lanka,LKA,Research and development expenditure (% of GDP),GB.XPD.RSDV.GD.ZS,..,0.13687,..,..,0.10081,0.09989,0.10871,..,..,..
Sri Lanka,LKA,Risk of catastrophic expenditure for surgical care (% of people at risk),SH.SGR.CRSK.ZS,35,29.8,25.5,27.3,25.2,24,24.1,27.4,26.3,..
Sri Lanka,LKA,Risk of impoverishing expenditure for surgical care (% of people at risk),SH.SGR.IRSK.ZS,24.7,20.6,17.2,20.6,19.4,17.8,17.2,19.5,18.3,..
,,,,,,,,,,,,,
,,,,,,,,,,,,,
,,,,,,,,,,,,,
Data from database: World Development Indicators,,,,,,,,,,,,,
Last Updated: 10/02/2019,,,,,,,,,,,,,
